Student_ID,Attendance_Percent,Average_Marks,Assignments_Submitted,Late_Submissions,Previous_Failures,Attendance_Trend,Absenteeism_Risk,Late_Submission_Risk,Dropout_Risk
1,81,37,8,4,3,Stable,Low,High,Low
2,44,83,2,3,4,Increasing,High,Low,Medium
3,90,54,2,8,1,Decreasing,Medium,High,Medium
4,50,81,5,5,4,Stable,Low,Low,Low
5,53,20,9,5,3,Increasing,High,Low,Medium
6,32,44,5,1,3,Increasing,Medium,Low,Low
7,51,64,10,5,0,Stable,High,High,High
8,82,68,10,6,0,Increasing,Low,High,Medium
9,31,35,5,7,1,Stable,High,High,Low
10,59,38,0,7,0,Decreasing,High,High,Low
11,67,42,4,8,2,Increasing,High,High,Low
12,31,44,5,9,1,Increasing,Low,Low,Low
13,93,35,7,10,2,Decreasing,Medium,High,Low
14,89,73,0,2,0,Increasing,Low,High,High
15,50,92,4,9,1,Increasing,High,High,High
16,62,20,2,6,3,Stable,Low,High,High
17,87,61,1,6,4,Increasing,Low,High,Low
18,51,38,10,0,3,Decreasing,High,Low,High
19,78,53,7,7,2,Increasing,Medium,High,Low
20,88,99,6,3,3,Stable,Medium,Low,High
21,71,74,9,4,3,Decreasing,High,Low,High
22,89,37,6,5,4,Decreasing,Medium,Low,Low
23,44,53,4,2,4,Decreasing,Low,Low,Medium
24,91,64,8,4,3,Decreasing,Low,High,High
25,91,25,4,9,4,Stable,Low,High,Medium
26,76,40,1,4,3,Stable,Medium,High,High
27,91,89,2,0,1,Stable,Low,Low,Medium
28,80,67,3,2,3,Stable,Medium,High,High
29,84,58,4,2,0,Increasing,Medium,Low,Low
30,93,50,2,0,4,Stable,Medium,Low,High
31,32,29,6,6,4,Increasing,High,Low,High
32,80,49,4,0,2,Decreasing,Low,Low,High
33,36,37,4,6,2,Increasing,High,High,High
34,50,79,5,3,0,Increasing,Medium,Low,Medium
35,68,92,6,8,4,Increasing,Low,Low,Low
36,47,34,9,6,4,Stable,High,Low,Low
37,33,23,9,4,2,Stable,High,High,Low
38,89,82,7,6,2,Decreasing,Medium,High,Low
39,43,59,8,8,3,Stable,High,High,Low
40,38,28,10,9,4,Increasing,Medium,Low,Low
41,82,28,3,5,4,Stable,Low,High,Low
42,31,45,4,0,3,Stable,High,Low,Low
43,89,23,4,5,4,Increasing,Low,High,Medium
44,73,35,7,0,0,Decreasing,High,Low,High
45,37,34,8,3,2,Stable,High,High,High
46,76,71,6,7,2,Decreasing,Medium,High,Medium
47,64,88,4,4,2,Increasing,High,High,Low
48,65,24,2,4,1,Stable,High,Low,High
49,79,39,0,9,0,Decreasing,Medium,High,High
50,33,98,10,10,0,Decreasing,High,High,Medium
51,31,37,8,7,3,Increasing,High,Low,Low
52,35,21,4,7,1,Stable,High,High,High
53,83,32,8,0,4,Decreasing,High,Low,Low
54,33,23,9,4,0,Decreasing,High,High,Low
55,83,61,3,4,1,Decreasing,Medium,High,Medium
56,92,93,4,7,1,Decreasing,Low,High,Low
57,47,80,3,0,0,Decreasing,High,Low,Low
58,73,27,1,6,3,Decreasing,High,High,High
59,63,86,0,6,1,Decreasing,Medium,High,High
60,91,82,7,8,2,Decreasing,High,Low,High
61,43,28,3,1,1,Decreasing,High,Low,High
62,77,30,4,2,4,Decreasing,High,Low,Low
63,44,61,5,3,0,Stable,High,Low,High
64,91,32,7,0,4,Increasing,Medium,Low,Low
65,69,55,10,6,3,Increasing,High,High,High
66,82,32,7,9,2,Increasing,Low,High,Low
67,53,31,6,2,0,Decreasing,High,Low,High
68,55,56,3,2,1,Increasing,Low,Low,Low
69,89,93,5,2,2,Decreasing,Medium,Low,High
70,70,92,3,7,1,Stable,Low,High,Medium
71,58,71,6,8,3,Increasing,High,High,High
72,44,90,10,9,0,Stable,High,Low,High
73,74,21,0,1,3,Stable,Medium,Low,High
74,94,75,4,9,3,Decreasing,High,High,Medium
75,38,79,9,9,3,Increasing,Medium,High,High
76,30,42,9,0,3,Stable,High,Low,Low
77,37,59,3,8,1,Increasing,High,High,Low
78,92,83,10,5,4,Stable,Medium,Low,Low
79,40,42,6,8,1,Stable,High,High,Low
80,37,48,8,5,2,Decreasing,High,Low,Low
81,64,97,4,1,3,Increasing,Low,High,Medium
82,64,70,3,0,2,Decreasing,High,High,High
83,62,88,8,7,1,Decreasing,Low,Low,Medium
84,34,50,4,2,3,Decreasing,Medium,Low,Medium
85,70,69,8,0,1,Decreasing,Low,Low,Medium
86,57,39,7,7,3,Decreasing,High,High,High
87,36,74,3,0,1,Stable,High,High,High
88,41,21,10,7,0,Increasing,High,High,High
89,63,44,10,0,4,Increasing,Low,Low,Low
90,62,32,6,8,4,Decreasing,Low,High,High
91,77,89,4,8,3,Increasing,High,High,High
92,52,86,9,8,0,Stable,High,Low,Medium
93,91,77,3,2,2,Decreasing,Low,High,Medium
94,66,94,4,3,0,Stable,High,Low,Medium
95,73,83,4,4,3,Stable,High,High,High
96,64,88,10,5,0,Decreasing,Low,Low,Medium
97,94,78,8,8,2,Stable,Low,Low,Medium
98,76,79,8,10,3,Decreasing,Low,High,High
99,32,81,5,3,4,Stable,High,Low,Medium
100,30,35,3,5,0,Increasing,High,High,High
101,34,87,1,0,4,Increasing,High,High,Low
102,43,34,2,1,4,Increasing,High,Low,High
103,56,74,1,7,1,Decreasing,High,Low,Medium
104,38,54,4,3,2,Stable,Medium,Low,Medium
105,44,74,5,9,0,Stable,Medium,High,Medium
106,71,33,10,6,4,Increasing,High,High,Low
107,80,68,4,3,4,Increasing,Medium,High,High
108,92,26,1,8,2,Decreasing,High,High,High
109,81,49,4,8,4,Decreasing,Medium,High,High
110,33,68,8,3,4,Stable,High,Low,Low
111,52,35,3,7,4,Decreasing,High,High,Low
112,44,70,9,5,4,Decreasing,High,Low,Low
113,72,91,1,0,1,Decreasing,Low,Low,Medium
114,58,99,2,6,1,Increasing,High,High,Low
115,65,61,2,0,3,Increasing,Medium,Low,High
116,42,36,8,2,0,Stable,High,Low,Low
117,61,82,3,7,2,Decreasing,Medium,High,Low
118,88,64,0,8,3,Increasing,Low,High,Low
119,57,96,0,2,1,Decreasing,High,Low,Medium
120,95,26,6,0,1,Stable,Low,Low,Low
121,71,46,6,0,1,Decreasing,High,Low,High
122,74,29,1,6,3,Stable,Medium,High,High
123,91,53,8,4,1,Stable,Medium,High,Low
124,86,55,8,0,3,Increasing,Low,Low,High
125,35,44,4,5,1,Decreasing,High,High,High
126,57,25,2,5,4,Increasing,High,High,High
127,57,43,2,3,4,Decreasing,High,Low,Medium
128,73,37,2,6,0,Decreasing,High,High,High
129,59,25,5,6,1,Stable,High,High,High
130,91,48,3,8,0,Stable,Low,High,Low
131,91,44,7,0,3,Decreasing,Low,Low,High
132,30,74,10,4,0,Increasing,High,High,Medium
133,56,65,10,9,1,Stable,High,High,Low
134,91,43,10,2,3,Stable,Low,Low,Medium
135,32,94,4,6,3,Decreasing,High,High,High
136,99,45,0,3,4,Decreasing,Low,High,High
137,56,47,8,3,3,Stable,High,Low,Medium
138,38,22,0,0,3,Increasing,High,Low,Low
139,91,94,5,0,0,Stable,Medium,Low,Low
140,66,57,0,9,3,Decreasing,Low,High,High
141,80,80,2,1,2,Stable,High,Low,High
142,73,97,9,1,4,Decreasing,High,Low,High
143,53,70,4,0,4,Stable,High,Low,Low
144,88,67,9,7,3,Decreasing,Medium,High,Medium
145,61,40,6,5,0,Decreasing,Medium,High,High
146,81,73,9,5,4,Increasing,Medium,Low,Low
147,91,75,7,9,4,Decreasing,High,High,Medium
148,87,78,8,9,2,Stable,Medium,High,Low
149,81,91,5,8,3,Decreasing,Low,Low,Medium
150,41,70,10,4,4,Stable,High,Low,Medium
151,68,39,8,3,4,Increasing,Low,Low,Medium
152,31,78,7,10,4,Stable,High,Low,Low
153,32,90,8,5,4,Increasing,High,High,Low
154,85,28,9,7,0,Increasing,Low,Low,Low
155,88,20,3,0,1,Decreasing,Low,High,High
156,31,48,8,6,2,Increasing,Low,High,Low
157,31,82,6,7,0,Stable,High,Low,Medium
158,83,91,4,8,2,Increasing,Medium,High,Low
159,30,75,4,10,4,Increasing,High,High,High
160,48,87,0,7,2,Decreasing,High,High,High
161,31,54,1,6,3,Stable,High,Low,High
162,82,22,9,2,3,Increasing,Low,High,High
163,73,26,2,1,1,Decreasing,Medium,High,High
164,61,46,7,2,1,Decreasing,High,Low,High
165,99,20,5,3,2,Stable,Low,Low,High
166,61,99,9,3,0,Decreasing,High,Low,High
167,97,90,10,5,0,Increasing,High,Low,Low
168,84,63,4,6,4,Decreasing,Low,High,High
169,85,60,0,3,0,Stable,Medium,Low,Low
170,46,94,10,9,1,Stable,High,Low,Low
171,67,61,8,5,0,Decreasing,High,High,High
172,53,52,2,8,4,Increasing,High,High,High
173,98,69,2,5,3,Decreasing,High,High,High
174,99,82,1,2,0,Stable,Low,Low,Low
175,40,56,3,0,0,Decreasing,High,High,Medium
176,45,78,1,10,1,Decreasing,High,High,High
177,88,67,8,9,2,Increasing,Medium,Low,High
178,99,24,9,9,3,Decreasing,Medium,High,High
179,32,67,6,4,2,Increasing,Medium,High,High
180,49,22,7,9,4,Decreasing,High,High,Low
181,88,66,2,9,4,Decreasing,High,High,High
182,65,81,5,2,2,Increasing,Low,Low,Medium
183,48,33,9,7,1,Increasing,Medium,High,High
184,96,82,5,9,1,Stable,Medium,High,Low
185,48,80,0,0,1,Increasing,High,Low,Medium
186,49,50,5,10,3,Decreasing,High,Low,High
187,81,36,2,1,4,Stable,Medium,Low,High
188,62,43,10,2,4,Increasing,Medium,Low,High
189,69,42,2,2,4,Increasing,Medium,Low,Low
190,68,69,2,7,3,Stable,Medium,High,High
191,30,97,9,4,4,Decreasing,High,High,Low
192,40,98,10,7,2,Decreasing,High,High,High
193,86,98,10,10,0,Stable,Low,Low,Medium
194,79,89,9,10,3,Decreasing,High,Low,Low
195,52,46,10,5,0,Increasing,High,Low,Medium
196,60,34,7,1,2,Decreasing,High,Low,Low
197,71,69,4,10,1,Increasing,Medium,High,High
198,36,55,3,3,1,Decreasing,Medium,Low,Low
199,45,27,8,8,1,Increasing,High,Low,Medium
200,89,98,8,3,3,Stable,Medium,Low,Medium
201,31,22,0,4,1,Increasing,High,High,High
202,30,81,1,4,3,Decreasing,High,High,High
203,77,66,7,9,3,Increasing,Medium,Low,Low
204,41,96,4,7,0,Decreasing,High,High,High
205,98,80,6,5,1,Decreasing,Medium,Low,Low
206,66,51,0,9,4,Increasing,High,High,High
207,61,32,9,6,1,Decreasing,High,High,High
208,38,20,4,5,1,Stable,High,High,Low
209,48,53,10,4,1,Decreasing,High,High,Low
210,77,81,2,4,4,Stable,Low,High,High
211,32,98,9,2,4,Stable,High,Low,Low
212,49,97,1,6,3,Decreasing,High,High,Low
213,53,90,1,9,4,Stable,High,High,Low
214,83,50,8,4,3,Stable,Medium,Low,Low
215,62,83,3,6,0,Increasing,High,High,Low
216,53,44,3,1,3,Stable,High,Low,Medium
217,65,57,6,8,1,Stable,Medium,High,Low
218,67,33,9,7,2,Stable,High,High,High
219,54,27,9,4,2,Stable,High,High,High
220,47,73,1,1,1,Stable,High,High,Medium
221,95,21,2,5,3,Decreasing,Medium,High,Low
222,83,97,2,7,1,Stable,Medium,Low,High
223,64,75,5,6,4,Decreasing,Medium,High,Low
224,90,80,2,7,3,Decreasing,Low,High,High
225,70,41,10,3,1,Decreasing,Low,Low,Medium
226,62,54,4,2,4,Increasing,High,High,High
227,97,35,3,6,4,Increasing,Medium,High,High
228,62,69,2,1,3,Decreasing,Low,Low,Low
229,43,62,7,4,0,Increasing,High,Low,Medium
230,50,36,9,6,0,Stable,High,High,Low
231,77,99,2,0,4,Decreasing,Low,Low,High
232,49,77,5,3,0,Decreasing,High,Low,Low
233,37,21,6,1,4,Decreasing,High,Low,Low
234,36,23,6,5,0,Increasing,Medium,Low,Medium
235,96,58,1,0,4,Increasing,Low,High,High
236,46,25,2,6,4,Increasing,High,High,High
237,62,88,9,2,4,Stable,Medium,Low,Medium
238,77,88,9,0,4,Increasing,Low,High,High
239,88,39,3,7,2,Decreasing,Low,Low,Low
240,51,83,6,6,0,Increasing,Low,High,Low
241,59,35,1,1,4,Increasing,High,Low,High
242,67,70,2,6,1,Increasing,Low,High,Low
243,80,56,6,2,3,Increasing,Low,Low,High
244,83,92,6,8,1,Decreasing,High,Low,Medium
245,37,88,9,7,1,Increasing,High,Low,Medium
246,56,61,2,4,2,Decreasing,High,High,High
247,56,76,0,6,0,Increasing,Low,High,High
248,50,85,2,2,2,Stable,Medium,High,High
249,59,28,4,0,0,Stable,High,High,Low
250,57,83,6,0,4,Decreasing,High,High,Low
251,93,41,3,10,2,Decreasing,Medium,Low,Low
252,98,53,10,1,3,Stable,Low,Low,Medium
253,90,74,10,7,0,Stable,High,High,Medium
254,77,48,0,0,2,Increasing,Low,Low,Medium
255,48,57,5,10,3,Stable,High,High,Low
256,33,37,1,4,1,Decreasing,High,High,High
257,64,90,2,8,4,Decreasing,High,Low,High
258,93,84,3,8,4,Stable,Low,High,High
259,78,20,5,1,1,Decreasing,Low,Low,Low
260,46,23,5,6,2,Increasing,High,High,High
261,73,23,6,10,1,Increasing,High,Low,Low
262,59,46,4,0,3,Stable,High,Low,High
263,75,62,6,2,0,Decreasing,Low,Low,Low
264,35,78,1,5,2,Stable,High,High,High
265,66,51,0,8,0,Decreasing,Medium,High,Low
266,53,52,9,9,1,Decreasing,High,High,Medium
267,75,47,7,1,4,Decreasing,Low,Low,High
268,82,74,0,6,0,Increasing,Medium,High,High
269,89,79,1,3,0,Decreasing,Low,Low,Medium
270,92,89,10,1,4,Increasing,Medium,Low,Low
271,61,81,9,2,0,Decreasing,High,Low,Low
272,62,99,5,5,0,Stable,High,Low,Low
273,96,53,0,9,4,Increasing,Low,High,High
274,47,75,9,8,4,Increasing,Medium,High,Medium
275,54,32,2,7,1,Increasing,High,High,Low
276,83,75,6,9,1,Stable,Medium,High,Low
277,87,37,7,10,0,Increasing,Low,High,High
278,96,73,3,8,2,Stable,Low,High,Low
279,75,96,2,3,1,Decreasing,Low,Low,Low
280,53,62,0,3,1,Decreasing,Low,Low,Medium
281,61,58,8,8,2,Stable,Low,High,High
282,76,80,9,7,2,Increasing,Medium,High,High
283,52,61,5,1,4,Increasing,High,Low,Low
284,95,98,5,7,1,Stable,Low,Low,Medium
285,56,37,8,0,3,Decreasing,High,Low,High
286,31,42,0,8,3,Stable,High,High,Low
287,46,73,5,8,0,Increasing,High,High,Low
288,62,49,4,7,1,Increasing,High,High,Low
289,38,77,10,10,3,Increasing,Low,Low,High
290,72,87,5,4,1,Increasing,Low,High,Low
291,77,86,10,4,1,Decreasing,Medium,High,High
292,68,90,7,2,3,Decreasing,High,Low,High
293,71,37,4,4,1,Decreasing,High,Low,High
294,55,26,1,3,2,Increasing,Medium,Low,Low
295,79,59,1,0,0,Increasing,Low,Low,Low
296,54,89,9,8,4,Increasing,High,High,High
297,53,84,4,9,3,Stable,High,High,High
298,42,87,2,3,4,Increasing,High,Low,Low
299,89,68,9,2,0,Decreasing,Medium,Low,High
300,36,71,2,5,2,Decreasing,High,High,High
301,86,48,7,0,2,Decreasing,Medium,Low,Medium
302,65,40,6,4,2,Stable,High,High,High
303,74,97,0,6,2,Decreasing,High,High,High
304,49,28,4,1,3,Stable,High,High,Medium
305,94,66,8,9,3,Stable,Low,Low,High
306,37,95,3,8,1,Stable,High,Low,Low
307,45,61,0,5,1,Increasing,High,High,Medium
308,43,70,7,1,0,Increasing,High,High,High
309,44,75,4,7,1,Decreasing,High,High,Low
310,95,70,1,7,0,Decreasing,Low,High,Medium
311,61,89,0,0,0,Stable,High,Low,Low
312,92,39,2,0,0,Increasing,Medium,Low,Low
313,80,46,8,0,2,Decreasing,High,Low,Low
314,54,57,0,3,4,Decreasing,High,High,Low
315,87,91,3,3,4,Increasing,Low,High,Medium
316,92,84,7,7,3,Stable,High,High,Medium
317,91,73,7,0,0,Decreasing,High,Low,High
318,51,43,9,9,2,Decreasing,High,High,Low
319,87,66,10,2,1,Increasing,Medium,High,High
320,87,90,10,10,1,Increasing,Medium,High,Low
321,78,82,7,0,3,Stable,Low,Low,High
322,81,76,9,8,3,Stable,Medium,Low,Medium
323,71,74,7,9,0,Decreasing,Low,High,High
324,99,79,3,8,0,Stable,Low,High,High
325,44,81,7,6,1,Decreasing,High,High,High
326,83,49,8,7,1,Decreasing,Medium,High,High
327,89,41,6,0,1,Increasing,Low,Low,Medium
328,37,94,1,4,1,Decreasing,High,High,Medium
329,82,48,8,1,4,Increasing,Medium,Low,Medium
330,89,60,10,0,0,Decreasing,Low,High,Medium
331,34,61,7,2,0,Decreasing,Medium,Low,Low
332,97,84,4,6,1,Decreasing,Low,Low,Low
333,35,50,2,0,2,Stable,Medium,High,High
334,76,49,6,10,1,Stable,Low,High,High
335,84,37,1,1,3,Increasing,Low,Low,Medium
336,69,36,2,1,2,Decreasing,High,Low,Low
337,81,57,8,3,3,Increasing,Low,Low,High
338,45,33,3,2,2,Increasing,High,Low,Low
339,42,98,3,2,3,Decreasing,High,Low,High
340,59,75,2,9,1,Stable,High,High,High
341,48,41,4,4,1,Stable,High,High,Low
342,46,86,2,2,2,Increasing,High,Low,High
343,92,75,8,10,3,Stable,Medium,Low,Medium
344,48,38,2,6,4,Decreasing,High,High,Low
345,87,76,1,4,2,Decreasing,Low,Low,High
346,84,63,4,3,2,Stable,Medium,Low,Medium
347,91,54,5,2,0,Stable,Low,Low,Medium
348,52,20,0,3,2,Increasing,High,Low,Low
349,38,71,10,1,4,Stable,High,Low,Low
350,41,89,5,0,1,Increasing,High,Low,High
351,30,56,9,2,3,Decreasing,High,High,Low
352,87,84,2,10,0,Decreasing,Low,High,Medium
353,30,70,3,1,3,Decreasing,High,High,High
354,63,20,5,0,1,Stable,Low,Low,Medium
355,77,40,7,0,2,Stable,Medium,Low,Low
356,30,72,8,1,4,Stable,High,Low,Low
357,45,35,5,8,0,Increasing,High,High,High
358,90,80,6,4,4,Increasing,Medium,High,Medium
359,93,73,4,8,4,Increasing,Low,High,Low
360,92,59,8,7,4,Decreasing,Low,High,Low
361,98,45,3,10,4,Increasing,Medium,High,Low
362,51,99,9,5,1,Stable,Medium,Low,Medium
363,96,84,10,0,4,Stable,Low,Low,Low
364,55,93,5,9,4,Decreasing,High,High,Low
365,45,83,4,4,1,Stable,High,High,Low
366,80,62,0,0,3,Stable,Low,Low,High
367,86,36,4,6,1,Stable,Low,High,Low
368,58,78,4,9,2,Increasing,High,High,Low
369,98,42,8,10,1,Increasing,Low,Low,Medium
370,76,26,0,7,3,Stable,Low,Low,Low
371,91,63,4,7,2,Stable,Medium,Low,Low
372,98,72,6,6,2,Stable,Low,Low,Medium
373,45,90,10,1,0,Stable,High,Low,Low
374,77,98,5,4,4,Increasing,Low,Low,High
375,68,53,5,3,2,Decreasing,Low,Low,Medium
376,62,65,6,4,2,Stable,Low,High,High
377,52,87,5,9,3,Increasing,High,High,High
378,39,97,4,8,2,Stable,Low,High,Low
379,98,97,9,3,3,Decreasing,Low,Low,High
380,63,35,4,7,4,Increasing,High,High,Low
381,81,90,8,7,0,Increasing,Low,High,Medium
382,39,38,7,1,0,Decreasing,High,Low,Low
383,48,21,9,5,4,Decreasing,High,High,High
384,87,29,3,4,4,Increasing,Low,High,High
385,30,69,3,1,1,Decreasing,High,Low,High
386,98,31,9,9,2,Stable,Medium,High,High
387,33,89,4,3,2,Decreasing,High,High,Low
388,45,41,2,6,2,Decreasing,High,High,Low
389,53,51,7,0,3,Increasing,Low,Low,Low
390,31,20,6,8,1,Decreasing,High,High,Low
391,61,73,4,9,2,Increasing,Low,High,Low
392,53,77,9,0,3,Stable,High,Low,Medium
393,41,89,2,4,3,Decreasing,High,High,High
394,79,37,4,6,0,Decreasing,Medium,High,Low
395,64,25,2,7,3,Increasing,Low,High,High
396,62,64,9,1,4,Increasing,High,High,High
397,62,42,4,3,3,Decreasing,High,Low,High
398,90,42,0,1,4,Increasing,Medium,Low,Medium
399,80,45,5,3,4,Decreasing,Medium,Low,High
400,72,96,9,5,0,Stable,Low,Low,Medium
401,41,26,3,5,0,Decreasing,High,Low,Medium
402,96,98,3,1,3,Stable,Low,High,High
403,94,63,7,10,0,Stable,Low,Low,Medium
404,62,46,1,3,0,Increasing,High,Low,High
405,69,45,3,3,2,Increasing,High,High,High
406,72,98,1,0,3,Increasing,High,Low,Low
407,73,55,0,1,3,Increasing,High,High,High
408,58,74,9,2,3,Decreasing,High,Low,Low
409,42,83,2,10,0,Stable,High,High,High
410,41,76,7,4,0,Decreasing,High,High,High
411,75,88,5,10,4,Stable,Low,Low,Medium
412,31,80,6,7,1,Stable,High,Low,High
413,64,21,1,5,1,Stable,Low,Low,High
414,37,74,5,2,1,Decreasing,High,Low,Low
415,55,99,7,5,2,Increasing,High,High,Low
416,63,57,7,6,0,Decreasing,High,Low,High
417,36,99,3,5,4,Stable,High,High,High
418,97,97,5,9,4,Decreasing,Medium,High,Low
419,87,48,4,5,1,Stable,Low,High,High
420,58,45,8,0,2,Increasing,High,Low,Low
421,65,54,7,2,2,Increasing,Medium,Low,Low
422,50,98,1,6,1,Decreasing,High,High,Low
423,65,86,6,3,1,Increasing,Low,Low,Medium
424,39,48,6,3,0,Stable,High,Low,High
425,53,53,10,6,2,Stable,High,High,Low
426,93,60,0,8,4,Increasing,Low,High,High
427,78,60,0,10,1,Increasing,Medium,High,High
428,65,42,3,1,0,Increasing,Medium,Low,High
429,53,90,4,8,4,Decreasing,High,High,High
430,52,22,3,2,2,Decreasing,High,High,Low
431,91,77,6,5,1,Stable,High,High,Low
432,66,51,2,3,1,Decreasing,High,Low,Low
433,41,50,6,0,0,Decreasing,High,Low,Low
434,84,62,7,8,0,Stable,Low,High,Medium
435,42,26,5,10,2,Stable,High,High,High
436,52,20,5,5,1,Increasing,Low,High,High
437,59,80,7,7,0,Increasing,High,Low,High
438,46,33,7,1,1,Decreasing,High,Low,High
439,91,71,6,6,2,Stable,Medium,High,Medium
440,42,25,5,5,1,Decreasing,High,Low,High
441,88,29,5,1,4,Decreasing,Medium,Low,Low
442,48,90,9,1,1,Stable,High,Low,Low
443,78,49,10,3,3,Stable,Low,Low,High
444,41,40,5,3,3,Stable,High,Low,High
445,90,79,7,2,2,Stable,Medium,High,Low
446,48,93,0,7,2,Decreasing,High,Low,Low
447,38,82,4,6,2,Decreasing,High,High,Low
448,57,61,2,1,4,Decreasing,High,High,High
449,81,70,7,2,4,Stable,Low,Low,High
450,45,83,10,9,1,Increasing,Low,Low,Medium
451,98,95,5,8,0,Decreasing,High,High,Medium
452,41,75,1,4,3,Increasing,Medium,High,High
453,54,99,6,1,3,Increasing,High,Low,Low
454,81,60,6,2,3,Increasing,Medium,Low,High
455,82,51,4,7,1,Stable,Low,High,Low
456,52,34,7,3,1,Stable,High,Low,High
457,45,81,4,1,2,Decreasing,High,Low,High
458,86,46,0,1,0,Decreasing,Medium,Low,Medium
459,68,47,8,5,2,Stable,High,Low,High
460,82,83,3,7,1,Stable,High,High,Low
461,71,78,1,6,4,Increasing,Medium,High,Medium
462,87,77,3,3,2,Stable,Medium,Low,Low
463,68,21,8,1,1,Stable,Low,High,Low
464,43,55,1,8,1,Stable,High,High,Low
465,34,90,3,3,4,Stable,High,Low,Medium
466,64,32,1,8,4,Increasing,High,High,High
467,47,34,4,4,4,Decreasing,High,High,High
468,38,79,2,10,0,Increasing,High,High,Medium
469,87,41,9,10,1,Stable,Low,High,Low
470,46,82,1,6,4,Stable,High,High,High
471,36,94,8,4,0,Decreasing,High,Low,Low
472,75,93,4,1,3,Decreasing,Medium,High,Low
473,42,44,9,5,3,Decreasing,High,Low,Low
474,69,67,4,6,3,Increasing,Medium,High,High
475,71,62,0,10,1,Decreasing,Medium,Low,Medium
476,38,57,5,5,0,Stable,High,High,High
477,79,60,6,2,0,Stable,Medium,Low,Low
478,56,64,0,9,3,Stable,High,High,High
479,95,59,8,7,2,Increasing,Low,High,High
480,34,36,7,2,3,Decreasing,High,Low,High
481,58,76,7,4,1,Decreasing,Medium,Low,Medium
482,66,21,6,8,3,Decreasing,Medium,Low,High
483,67,81,4,10,3,Decreasing,High,High,Medium
484,37,28,2,4,0,Stable,High,High,Low
485,94,87,8,6,3,Increasing,Low,High,High
486,46,36,6,10,4,Decreasing,High,Low,Low
487,74,69,10,6,4,Stable,Low,High,Low
488,33,59,9,4,2,Stable,High,Low,High
489,65,77,9,1,1,Increasing,Low,Low,Low
490,99,94,7,4,1,Decreasing,Low,High,High
491,60,40,5,6,0,Increasing,Medium,High,Low
492,48,37,10,6,1,Decreasing,High,High,Low
493,90,74,4,3,2,Increasing,Medium,Low,Low
494,83,48,7,0,4,Decreasing,Low,Low,High
495,68,43,2,5,0,Decreasing,Low,High,Medium
496,48,93,6,2,4,Increasing,High,High,Low
497,68,36,1,10,2,Decreasing,Medium,High,Low
498,96,37,2,4,0,Increasing,Medium,High,Low
499,74,61,1,3,3,Increasing,Low,Low,Low
500,42,64,4,1,1,Decreasing,High,High,High
501,87,36,6,6,2,Decreasing,Low,Low,High
502,49,92,10,4,0,Increasing,High,High,Low
503,90,33,9,6,4,Stable,Medium,High,Low
504,68,68,10,8,0,Increasing,High,Low,High
505,30,48,10,3,3,Stable,High,Low,High
506,32,23,10,4,2,Stable,High,Low,High
507,91,39,9,8,0,Increasing,Low,Low,Medium
508,92,66,0,9,2,Increasing,Medium,High,Medium
509,54,28,9,10,2,Increasing,Low,High,Medium
510,85,96,8,3,4,Stable,Medium,Low,Medium
511,62,98,0,4,1,Increasing,Low,High,Medium
512,67,46,0,4,3,Increasing,Low,High,Low
513,35,34,9,7,0,Decreasing,High,High,High
514,87,38,7,3,1,Decreasing,Medium,Low,High
515,73,71,5,3,4,Decreasing,Low,Low,Low
516,74,45,5,6,1,Increasing,Low,High,Low
517,61,45,8,10,2,Increasing,Medium,Low,High
518,74,45,3,4,2,Increasing,Low,High,Low
519,90,65,7,5,3,Stable,Medium,High,High
520,76,68,3,5,0,Stable,Medium,High,High
521,50,72,1,5,0,Decreasing,High,High,Medium
522,65,22,10,9,4,Stable,High,High,Low
523,48,85,7,4,3,Stable,High,High,High
524,49,61,6,4,0,Stable,High,High,Medium
525,86,38,3,8,2,Decreasing,Low,High,High
526,47,36,8,7,3,Decreasing,High,Low,High
527,76,52,8,3,1,Stable,Low,High,Medium
528,78,95,7,6,3,Increasing,Low,High,Medium
529,43,68,0,7,3,Decreasing,High,High,High
530,44,75,6,8,0,Stable,High,High,Low
531,60,82,4,4,4,Increasing,High,High,Medium
532,30,22,6,2,4,Increasing,Medium,Low,Medium
533,83,68,8,3,0,Decreasing,Low,Low,Medium
534,32,74,1,9,0,Increasing,High,High,Low
535,45,45,10,5,0,Decreasing,High,High,Low
536,86,91,3,9,4,Stable,Medium,High,Low
537,41,71,3,10,0,Decreasing,High,High,Low
538,45,26,1,4,1,Increasing,High,High,High
539,53,65,2,8,1,Decreasing,High,High,High
540,57,65,10,10,2,Decreasing,High,High,Low
541,37,35,7,10,1,Stable,High,High,High
542,65,43,8,2,3,Increasing,Low,High,High
543,37,80,5,1,2,Decreasing,High,Low,Low
544,87,73,9,5,1,Stable,Low,High,High
545,89,81,1,6,3,Stable,High,High,Low
546,79,20,1,4,1,Stable,Medium,High,Low
547,57,68,6,0,3,Stable,High,Low,Medium
548,70,44,7,2,0,Stable,High,Low,High
549,93,29,7,2,3,Decreasing,Low,High,Low
550,56,99,5,3,0,Decreasing,High,Low,Medium
551,92,35,9,9,3,Increasing,Medium,High,High
552,46,77,7,5,3,Decreasing,High,Low,Low
553,62,91,0,4,1,Increasing,Low,Low,Medium
554,58,48,8,0,3,Increasing,Low,Low,Low
555,42,25,0,5,1,Increasing,High,High,Low
556,75,35,2,8,3,Decreasing,Medium,High,Low
557,64,39,8,10,4,Stable,High,Low,High
558,35,99,10,0,2,Increasing,High,Low,Medium
559,98,90,4,7,1,Stable,Low,High,Low
560,76,97,8,7,1,Increasing,Low,Low,Low
561,54,62,8,2,0,Decreasing,High,Low,Low
562,95,45,5,8,4,Increasing,Low,High,Low
563,39,97,10,10,0,Decreasing,Low,High,Medium
564,85,90,0,10,4,Stable,Medium,High,High
565,59,52,9,7,4,Decreasing,High,High,High
566,34,45,6,2,3,Stable,High,Low,Low
567,62,64,5,9,0,Decreasing,High,Low,Medium
568,94,82,8,4,2,Increasing,Medium,Low,Low
569,47,86,6,2,4,Increasing,High,High,Medium
570,78,71,10,4,4,Decreasing,Medium,High,High
571,40,87,3,8,1,Stable,High,High,High
572,55,45,6,3,3,Stable,High,Low,Low
573,92,94,1,5,2,Stable,Medium,High,Low
574,88,21,5,2,4,Decreasing,High,Low,Low
575,56,33,5,2,1,Decreasing,High,Low,High
576,78,49,1,4,0,Decreasing,High,High,High
577,62,68,3,7,4,Decreasing,Low,High,Low
578,30,31,7,7,1,Stable,High,High,Medium
579,50,63,7,2,0,Stable,Medium,Low,Medium
580,84,52,7,7,3,Decreasing,Medium,High,High
581,35,32,7,10,0,Decreasing,High,Low,High
582,98,97,0,7,4,Stable,Medium,High,High
583,34,45,1,2,2,Stable,High,High,High
584,32,40,3,9,0,Increasing,High,High,Medium
585,82,47,8,9,2,Decreasing,Low,High,Medium
586,52,67,2,1,2,Increasing,Low,Low,Low
587,82,59,5,9,0,Stable,Low,High,Medium
588,66,85,6,1,3,Stable,Medium,Low,Medium
589,46,92,7,8,0,Decreasing,High,High,Low
590,30,98,6,6,1,Increasing,High,High,Low
591,80,96,2,5,2,Stable,Low,High,Medium
592,74,42,5,6,4,Increasing,Low,High,High
593,33,67,4,7,2,Increasing,High,Low,High
594,91,21,9,0,4,Increasing,Low,Low,Low
595,94,39,3,7,1,Increasing,Medium,High,Low
596,61,78,0,2,1,Increasing,Medium,High,Medium
597,63,65,6,2,1,Decreasing,Low,Low,Low
598,68,22,7,5,0,Decreasing,Low,High,Medium
599,55,74,1,3,2,Increasing,High,Low,High
600,63,31,6,3,4,Decreasing,High,Low,Low
601,83,59,5,3,1,Stable,Medium,Low,Medium
602,32,85,4,9,1,Increasing,High,High,High
603,79,97,3,8,4,Decreasing,Low,High,Low
604,41,35,1,7,2,Decreasing,High,High,High
605,94,53,9,2,2,Stable,Low,Low,High
606,83,63,5,0,4,Stable,Medium,Low,High
607,34,25,4,0,3,Stable,High,Low,High
608,86,96,1,0,2,Stable,Low,Low,High
609,46,83,9,3,4,Increasing,Low,Low,Medium
610,76,41,6,5,4,Decreasing,High,Low,Low
611,52,37,5,3,1,Decreasing,High,Low,Low
612,43,31,10,10,4,Stable,High,High,High
613,95,71,8,10,0,Decreasing,Low,Low,Medium
614,80,70,10,2,1,Decreasing,Low,High,Low
615,67,90,9,7,1,Decreasing,High,Low,High
616,93,67,4,7,2,Stable,High,High,High
617,67,38,8,5,3,Decreasing,High,High,Low
618,79,25,8,8,2,Decreasing,Medium,High,Low
619,59,46,0,9,0,Decreasing,High,Low,High
620,80,72,4,0,1,Increasing,Medium,High,High
621,92,67,8,7,1,Increasing,Medium,High,High
622,81,26,6,5,4,Decreasing,Low,High,Medium
623,67,78,5,0,3,Decreasing,Medium,Low,Medium
624,59,88,5,3,3,Decreasing,High,Low,Medium
625,80,30,10,4,4,Decreasing,Medium,Low,Low
626,34,34,6,6,0,Decreasing,High,Low,Low
627,58,83,0,7,3,Decreasing,High,High,Low
628,33,22,3,8,1,Increasing,High,High,Low
629,39,88,0,5,0,Stable,High,High,Medium
630,85,42,5,9,2,Decreasing,Medium,Low,High
631,46,72,3,8,2,Decreasing,High,High,High
632,46,56,0,3,0,Decreasing,High,High,Medium
633,98,28,8,7,1,Stable,Low,High,Low
634,63,34,3,2,2,Decreasing,Medium,Low,High
635,35,22,5,3,1,Decreasing,High,Low,Low
636,82,89,6,9,4,Stable,Low,Low,Low
637,95,36,7,3,3,Decreasing,Low,Low,Low
638,72,45,10,5,0,Stable,Medium,High,Low
639,52,40,8,8,3,Stable,High,High,High
640,84,91,8,5,4,Decreasing,Medium,High,High
641,45,40,7,0,2,Increasing,High,Low,High
642,37,30,9,4,1,Increasing,High,High,Low
643,33,57,10,8,1,Decreasing,High,High,High
644,33,91,2,4,4,Stable,Low,High,Medium
645,85,54,1,5,0,Stable,Low,High,Medium
646,54,33,4,2,3,Stable,High,High,High
647,96,33,0,7,2,Decreasing,Low,High,Medium
648,96,29,2,9,0,Increasing,Low,High,Low
649,56,31,0,10,4,Stable,Medium,High,High
650,61,57,2,3,4,Stable,High,Low,Medium
651,79,53,3,3,1,Decreasing,Medium,High,Medium
652,90,60,6,10,2,Increasing,Low,High,High
653,80,29,4,4,0,Increasing,Medium,High,Medium
654,48,36,4,9,1,Decreasing,High,High,Low
655,50,36,0,8,2,Increasing,High,High,Low
656,34,86,7,7,3,Decreasing,High,High,High
657,71,81,3,6,3,Stable,High,Low,Low
658,90,20,9,4,1,Decreasing,Medium,High,Low
659,51,31,4,8,0,Stable,High,High,High
660,50,23,1,8,2,Decreasing,High,High,High
661,99,61,0,9,3,Stable,Medium,High,Medium
662,30,32,8,9,3,Stable,High,Low,High
663,34,23,1,1,0,Decreasing,High,Low,Medium
664,41,88,5,3,1,Stable,High,Low,High
665,75,38,0,7,4,Increasing,Medium,High,Low
666,63,21,0,0,2,Decreasing,High,Low,High
667,78,31,8,4,3,Increasing,Medium,High,Low
668,74,93,3,7,4,Stable,Low,High,High
669,56,25,8,1,0,Stable,High,Low,High
670,55,27,10,1,1,Stable,High,Low,Medium
671,76,70,4,7,2,Decreasing,High,Low,Low
672,85,30,6,9,0,Stable,Low,High,Medium
673,92,82,0,8,1,Increasing,Low,High,Low
674,77,76,5,6,0,Increasing,Medium,High,Medium
675,90,31,7,7,3,Decreasing,Low,High,High
676,55,92,0,4,3,Increasing,High,High,Low
677,65,21,8,0,4,Decreasing,High,Low,Medium
678,30,27,2,3,0,Decreasing,High,High,High
679,37,30,0,1,3,Stable,High,Low,High
680,81,72,0,2,1,Increasing,Low,Low,Medium
681,76,29,10,2,4,Increasing,Low,Low,Medium
682,85,27,5,8,2,Increasing,Low,Low,Low
683,43,55,10,9,0,Stable,High,Low,Medium
684,57,95,5,3,3,Decreasing,High,Low,Low
685,31,33,0,1,1,Increasing,High,Low,Low
686,55,73,2,2,0,Increasing,High,High,Low
687,43,40,6,2,1,Increasing,High,Low,Medium
688,88,69,9,6,4,Increasing,Medium,Low,Low
689,85,58,2,7,3,Stable,Low,High,Low
690,36,39,2,10,3,Decreasing,Medium,High,Low
691,32,26,2,5,4,Increasing,High,High,Medium
692,52,28,6,3,1,Increasing,High,Low,High
693,47,20,3,5,0,Decreasing,High,High,High
694,67,45,3,10,1,Stable,Low,High,Medium
695,44,57,2,0,0,Stable,High,Low,High
696,93,57,9,9,4,Stable,Low,High,Low
697,57,80,10,7,2,Stable,High,High,Medium
698,68,63,8,0,0,Increasing,High,Low,Medium
699,86,63,1,4,3,Decreasing,High,High,High
700,46,93,3,1,3,Decreasing,High,Low,Medium
701,73,81,7,5,3,Decreasing,High,High,High
702,54,25,5,8,1,Stable,High,Low,High
703,46,36,6,4,1,Stable,High,High,Low
704,42,70,6,3,1,Decreasing,High,Low,High
705,54,57,1,1,3,Increasing,High,High,High
706,97,43,3,2,0,Stable,Low,High,Medium
707,39,70,9,5,3,Increasing,High,High,High
708,96,29,9,7,0,Decreasing,Low,Low,High
709,47,91,5,7,1,Stable,High,High,Medium
710,63,40,2,4,2,Increasing,Low,High,High
711,37,89,8,4,1,Stable,High,High,High
712,69,76,3,9,4,Decreasing,Medium,High,Low
713,71,58,9,2,0,Decreasing,Low,Low,Medium
714,70,52,1,6,2,Decreasing,High,High,High
715,35,78,5,5,1,Increasing,High,Low,Medium
716,81,37,0,0,2,Stable,Low,Low,Low
717,55,75,5,3,3,Stable,High,Low,Low
718,93,76,9,5,0,Stable,Medium,High,Medium
719,88,95,0,10,4,Decreasing,Low,High,High
720,85,67,7,5,3,Increasing,Medium,Low,High
721,88,61,4,10,2,Decreasing,Medium,High,Low
722,99,46,5,2,1,Decreasing,Medium,Low,Medium
723,62,93,1,5,0,Increasing,High,High,High
724,82,71,1,9,4,Decreasing,High,High,Low
725,51,61,8,5,1,Decreasing,High,High,High
726,50,51,2,8,4,Stable,High,High,High
727,99,45,5,8,0,Increasing,Low,High,Low
728,99,44,9,1,2,Increasing,Medium,Low,Low
729,33,94,4,3,4,Stable,High,High,Low
730,91,42,3,8,0,Increasing,Medium,High,Low
731,91,76,9,3,4,Stable,High,Low,Low
732,53,71,1,7,1,Decreasing,High,High,Low
733,84,50,7,9,4,Increasing,Medium,High,High
734,38,83,9,2,1,Increasing,High,Low,Medium
735,32,90,6,2,1,Decreasing,High,High,High
736,60,52,10,8,0,Decreasing,High,Low,Low
737,69,21,1,10,3,Increasing,Low,High,High
738,65,37,5,9,4,Increasing,Medium,High,High
739,53,66,7,7,2,Increasing,High,Low,High
740,35,52,6,0,1,Stable,High,Low,Medium
741,95,54,0,9,3,Increasing,Medium,High,Low
742,33,70,4,1,1,Increasing,Low,Low,Medium
743,35,37,1,2,3,Decreasing,High,High,Low
744,80,91,5,10,3,Decreasing,Medium,High,High
745,91,49,6,1,2,Stable,Low,Low,High
746,86,63,6,2,3,Decreasing,Low,Low,Low
747,95,72,2,7,2,Increasing,Low,High,Medium
748,37,29,6,10,0,Increasing,High,Low,High
749,55,71,4,10,1,Stable,High,Low,Low
750,80,68,7,5,2,Decreasing,High,Low,High
751,74,30,7,6,1,Decreasing,High,Low,Low
752,73,85,6,9,4,Decreasing,High,Low,Low
753,34,77,5,9,0,Stable,High,High,Medium
754,99,55,1,5,4,Decreasing,Low,High,Medium
755,55,52,5,0,4,Decreasing,High,Low,High
756,97,66,10,10,3,Decreasing,Low,High,Medium
757,48,32,8,2,3,Increasing,High,Low,High
758,49,59,1,0,4,Stable,High,Low,Medium
759,41,87,0,9,3,Increasing,High,High,Low
760,76,61,10,8,1,Stable,Medium,High,Low
761,30,38,4,8,3,Decreasing,Medium,High,Low
762,43,38,10,4,4,Increasing,High,High,High
763,93,77,5,3,3,Decreasing,High,Low,High
764,67,42,2,8,3,Decreasing,High,High,High
765,66,73,7,8,2,Stable,High,Low,Low
766,40,99,6,2,2,Decreasing,High,High,Low
767,32,84,1,4,4,Increasing,High,High,Low
768,62,31,6,2,1,Stable,Medium,Low,High
769,35,43,0,9,0,Stable,High,High,Medium
770,79,53,8,1,0,Increasing,Medium,Low,Medium
771,39,72,6,0,4,Decreasing,High,Low,Medium
772,34,27,5,9,1,Decreasing,High,High,Low
773,52,37,1,1,1,Decreasing,High,Low,High
774,39,76,2,7,1,Decreasing,High,High,Low
775,73,24,0,10,2,Decreasing,Medium,High,Low
776,31,45,9,7,4,Stable,High,Low,High
777,42,49,4,2,0,Stable,High,Low,Low
778,69,73,8,6,1,Increasing,High,Low,Medium
779,31,32,5,6,4,Decreasing,High,High,Low
780,94,48,4,1,0,Decreasing,Medium,Low,Low
781,92,22,2,8,2,Decreasing,Low,High,Medium
782,46,77,4,2,3,Increasing,High,Low,High
783,38,95,7,1,0,Decreasing,High,Low,Low
784,44,21,1,2,0,Stable,High,High,High
785,53,94,4,1,0,Decreasing,High,High,Low
786,67,47,5,7,3,Increasing,High,Low,High
787,64,96,9,4,1,Stable,High,High,High
788,78,95,7,2,3,Stable,High,Low,Low
789,98,21,7,4,0,Stable,Medium,High,High
790,91,26,4,10,2,Decreasing,High,High,High
791,89,45,8,10,0,Increasing,Low,High,Low
792,79,95,3,7,2,Increasing,Low,High,High
793,38,35,8,6,4,Decreasing,High,High,High
794,63,42,10,5,2,Increasing,Low,High,High
795,64,59,6,0,0,Stable,Medium,Low,Low
796,30,79,5,9,3,Stable,High,High,High
797,69,92,3,0,0,Increasing,High,Low,Low
798,93,51,1,0,0,Increasing,Medium,High,Medium
799,51,34,7,9,4,Decreasing,High,High,High
800,89,32,5,7,1,Decreasing,Low,High,High
801,93,24,2,7,0,Decreasing,Medium,High,Low
802,40,94,6,6,4,Decreasing,High,Low,Medium
803,43,93,9,5,3,Decreasing,High,Low,High
804,89,71,6,3,4,Decreasing,Medium,Low,High
805,59,96,5,0,4,Stable,High,Low,Medium
806,64,60,1,8,2,Increasing,Low,High,Medium
807,66,72,7,0,1,Decreasing,Low,Low,Medium
808,34,69,0,3,1,Stable,High,High,High
809,55,34,0,2,3,Increasing,High,High,Low
810,91,26,5,6,4,Increasing,Low,Low,Medium
811,33,59,4,4,3,Increasing,High,High,High
812,71,47,8,4,3,Decreasing,High,High,High
813,47,51,6,3,1,Decreasing,High,Low,Medium
814,69,34,1,0,1,Decreasing,Low,Low,High
815,68,89,6,4,1,Increasing,Medium,High,High
816,43,84,2,3,0,Increasing,High,Low,Low
817,61,23,0,9,4,Stable,High,High,High
818,80,30,10,7,3,Stable,Low,Low,Medium
819,67,45,7,1,4,Stable,Medium,Low,Medium
820,52,80,2,7,3,Stable,High,High,Low
821,92,56,10,0,3,Increasing,Low,Low,High
822,44,42,7,3,3,Decreasing,High,Low,High
823,54,59,6,2,3,Decreasing,High,Low,High
824,46,96,1,4,2,Decreasing,High,High,Low
825,95,42,0,4,2,Decreasing,Medium,High,Medium
826,82,35,6,4,0,Stable,Medium,Low,High
827,80,80,0,3,1,Increasing,Medium,High,High
828,68,87,5,7,3,Decreasing,Low,High,Low
829,80,99,10,2,4,Increasing,Low,Low,High
830,99,50,9,3,2,Stable,Medium,Low,Low
831,35,72,10,0,1,Stable,High,Low,Low
832,96,44,9,6,0,Decreasing,High,High,High
833,36,63,7,0,1,Decreasing,High,Low,High
834,80,31,6,1,3,Stable,High,Low,High
835,71,28,3,10,1,Stable,Medium,High,High
836,93,31,0,6,3,Increasing,Low,High,Medium
837,44,88,0,0,2,Stable,Medium,High,High
838,58,73,3,10,2,Increasing,High,High,High
839,62,73,4,2,3,Stable,High,High,High
840,56,47,6,5,4,Increasing,Medium,High,Low
841,65,75,3,5,2,Stable,Medium,High,Medium
842,58,88,9,5,4,Stable,High,High,High
843,67,96,0,10,3,Increasing,High,High,High
844,86,77,10,1,3,Increasing,Low,High,Low
845,56,97,9,1,2,Decreasing,High,Low,High
846,84,94,6,5,4,Decreasing,Low,High,High
847,62,61,1,9,3,Stable,High,Low,Low
848,97,57,10,4,2,Stable,Low,High,High
849,95,87,1,6,3,Increasing,Low,Low,High
850,39,72,7,6,1,Stable,High,High,Low
851,34,52,9,4,1,Decreasing,Medium,High,High
852,67,90,9,7,2,Increasing,Medium,Low,High
853,42,75,9,9,3,Stable,Medium,High,High
854,60,91,4,5,2,Increasing,Low,High,Low
855,76,70,9,4,0,Decreasing,Medium,Low,Low
856,81,93,1,3,2,Decreasing,Medium,High,Medium
857,85,62,4,6,2,Decreasing,Medium,High,High
858,44,34,7,3,1,Stable,High,Low,High
859,58,57,5,4,1,Stable,High,High,Medium
860,37,34,2,4,3,Stable,High,High,Low
861,34,24,7,0,2,Stable,High,Low,Low
862,58,73,8,0,2,Stable,High,Low,Medium
863,76,70,4,2,3,Stable,Medium,Low,Low
864,97,29,1,10,4,Decreasing,Medium,Low,High
865,74,31,1,2,3,Decreasing,Low,High,High
866,31,23,6,1,1,Stable,High,High,Low
867,56,37,0,1,1,Decreasing,High,Low,High
868,65,99,9,5,2,Increasing,High,Low,High
869,65,55,1,0,1,Stable,Medium,High,Medium
870,55,44,9,5,3,Increasing,High,Low,High
871,72,95,3,4,2,Stable,Low,Low,Medium
872,56,55,0,5,3,Stable,High,High,Low
873,98,86,3,4,3,Decreasing,Medium,High,High
874,49,28,10,6,2,Increasing,High,High,High
875,40,80,9,0,4,Decreasing,High,Low,High
876,67,72,4,2,1,Stable,Medium,Low,Low
877,35,37,8,5,0,Increasing,High,Low,High
878,52,62,0,0,0,Stable,High,Low,Low
879,76,54,4,10,0,Decreasing,High,Low,High
880,75,82,1,10,1,Stable,Medium,High,Medium
881,41,97,8,6,4,Stable,High,High,Low
882,42,23,5,3,3,Decreasing,High,Low,High
883,91,60,1,2,2,Stable,Medium,Low,High
884,89,64,2,9,4,Increasing,Medium,High,Low
885,72,69,7,8,0,Decreasing,Low,High,High
886,97,98,0,0,1,Stable,Low,Low,Low
887,34,47,2,7,1,Decreasing,High,High,High
888,66,61,9,0,2,Stable,High,Low,Low
889,60,99,0,4,3,Decreasing,Low,Low,Low
890,38,95,10,9,4,Decreasing,High,High,High
891,80,88,10,7,4,Increasing,Low,High,High
892,58,20,7,5,4,Decreasing,High,High,High
893,69,58,0,6,3,Increasing,High,High,Low
894,70,36,4,10,3,Decreasing,Medium,High,Low
895,40,54,3,7,3,Decreasing,High,High,High
896,52,65,6,5,2,Stable,Low,Low,Medium
897,30,61,4,10,1,Stable,High,High,High
898,75,58,7,5,0,Stable,Medium,High,Low
899,50,68,10,10,3,Decreasing,High,High,Low
900,65,81,0,5,1,Decreasing,Low,High,High
901,83,57,4,4,3,Increasing,Low,High,Low
902,86,42,3,7,0,Increasing,Medium,High,High
903,30,41,2,1,3,Increasing,High,High,Low
904,92,23,4,6,1,Stable,Medium,High,High
905,83,68,9,3,2,Stable,Low,Low,Low
906,84,78,2,0,0,Increasing,Medium,High,Low
907,69,92,7,4,1,Decreasing,High,High,Low
908,44,87,2,2,4,Stable,High,Low,Low
909,50,90,0,3,4,Stable,High,Low,High
910,76,21,8,6,4,Increasing,Low,High,Low
911,82,68,8,4,2,Stable,Low,High,Low
912,38,50,5,3,3,Increasing,High,Low,High
913,81,59,9,0,3,Stable,Medium,Low,Medium
914,86,67,0,5,3,Decreasing,Medium,High,Low
915,55,70,7,10,2,Decreasing,High,High,High
916,70,62,1,9,4,Stable,Medium,High,High
917,64,74,8,5,3,Increasing,High,High,Low
918,92,68,7,6,2,Stable,High,High,High
919,54,99,2,0,2,Increasing,High,High,Low
920,67,76,4,3,1,Stable,High,Low,Medium
921,31,96,8,8,3,Decreasing,High,Low,High
922,36,34,0,9,4,Decreasing,High,High,High
923,63,46,8,5,0,Stable,Medium,High,Medium
924,46,87,3,1,2,Stable,Medium,Low,Low
925,72,99,3,3,1,Stable,High,Low,Low
926,88,83,3,5,0,Decreasing,High,Low,Medium
927,80,49,9,3,2,Decreasing,Low,Low,Low
928,83,55,8,9,1,Increasing,Medium,High,Low
929,53,86,5,6,3,Stable,High,High,Low
930,54,68,10,2,1,Stable,Low,High,Low
931,81,95,7,5,2,Decreasing,Low,High,Medium
932,99,74,3,3,3,Stable,Low,High,Medium
933,62,75,2,2,4,Increasing,Low,High,Low
934,78,87,0,2,1,Stable,Medium,Low,Low
935,58,63,9,1,0,Decreasing,High,Low,High
936,92,50,6,10,3,Stable,Medium,Low,Low
937,51,77,3,2,3,Decreasing,High,Low,Medium
938,55,72,7,9,4,Increasing,High,Low,High
939,57,98,2,0,1,Increasing,Low,High,Medium
940,78,42,0,2,0,Stable,Low,Low,High
941,78,47,4,8,4,Stable,Low,High,Low
942,49,35,1,3,1,Decreasing,High,Low,High
943,92,56,2,2,0,Increasing,Medium,Low,High
944,90,40,5,7,0,Increasing,Low,High,High
945,78,98,2,0,2,Increasing,Low,Low,Medium
946,30,36,2,4,0,Increasing,High,High,High
947,42,56,5,0,1,Stable,Medium,Low,Low
948,80,96,4,6,4,Stable,Low,High,High
949,85,38,9,4,4,Decreasing,Medium,Low,Low
950,91,49,8,1,2,Increasing,Medium,Low,Medium
951,61,64,0,0,1,Stable,High,Low,Low
952,59,37,2,10,0,Stable,High,High,High
953,58,97,2,6,2,Increasing,High,High,High
954,78,81,10,0,3,Stable,Low,Low,Low
955,74,55,5,2,1,Decreasing,High,Low,Low
956,59,71,7,10,2,Decreasing,High,High,High
957,45,38,2,5,4,Increasing,High,High,High
958,69,63,2,5,2,Decreasing,High,High,High
959,48,26,5,6,3,Stable,Medium,Low,High
960,47,63,7,10,1,Decreasing,High,High,High
961,30,87,5,10,2,Stable,High,High,High
962,76,53,9,0,0,Increasing,Medium,Low,Low
963,95,85,2,6,1,Increasing,Medium,High,Low
964,67,88,3,1,2,Stable,High,Low,High
965,80,74,0,5,2,Stable,Low,High,Low
966,92,29,7,7,1,Decreasing,Medium,High,High
967,33,61,3,4,4,Stable,High,High,High
968,30,60,5,9,0,Increasing,High,Low,Low
969,37,96,10,2,1,Stable,High,Low,Low
970,58,88,2,10,0,Decreasing,High,High,Low
971,84,29,10,7,0,Decreasing,Medium,High,Low
972,32,29,10,7,1,Stable,High,High,High
973,61,79,5,3,2,Decreasing,High,Low,High
974,39,70,10,7,4,Decreasing,High,High,Low
975,63,40,8,4,0,Increasing,Medium,Low,Medium
976,84,27,8,10,0,Stable,Low,High,High
977,61,84,9,4,2,Increasing,High,High,High
978,79,97,2,2,1,Increasing,Low,High,Low
979,36,49,2,6,4,Decreasing,High,High,Low
980,37,68,3,10,0,Increasing,High,High,High
981,94,28,6,10,0,Stable,High,High,Low
982,86,36,2,8,1,Stable,Medium,High,Low
983,96,88,9,8,2,Stable,Medium,Low,High
984,88,77,7,0,3,Increasing,Medium,Low,High
985,83,76,10,0,2,Stable,Low,Low,Medium
986,96,81,7,9,0,Stable,Low,Low,Medium
987,80,71,5,10,0,Increasing,Low,Low,Low
988,37,80,3,4,4,Increasing,High,High,Low
989,63,59,10,0,2,Increasing,Low,Low,Medium
990,64,57,10,3,3,Increasing,Medium,Low,Low
991,61,62,4,0,4,Decreasing,Low,Low,Medium
992,75,82,1,1,3,Increasing,High,High,High
993,45,38,5,1,4,Increasing,High,Low,Low
994,97,69,2,3,2,Stable,Low,Low,Medium
995,66,52,5,7,0,Stable,Medium,High,Low
996,83,32,4,1,3,Increasing,Low,Low,High
997,43,97,1,8,2,Increasing,High,High,Medium
998,84,81,4,8,3,Increasing,Low,High,Medium
999,77,62,4,1,2,Stable,Low,Low,Medium
1000,36,68,8,0,4,Stable,High,Low,High
1001,36,55,10,9,2,Increasing,High,High,Medium
1002,62,29,7,9,4,Stable,High,High,High
1003,52,25,6,8,0,Stable,High,High,High
1004,48,76,2,1,4,Increasing,High,Low,High
1005,48,20,9,7,1,Stable,High,High,Low
1006,65,90,3,2,0,Increasing,Low,High,High
1007,58,77,5,0,2,Decreasing,High,Low,Low
1008,89,40,2,10,2,Decreasing,Medium,High,High
1009,31,99,10,0,1,Decreasing,High,Low,Low
1010,30,75,8,9,2,Stable,High,High,Low
1011,76,39,7,1,0,Decreasing,Low,Low,Medium
1012,98,73,5,6,0,Stable,Low,High,High
1013,49,44,3,5,4,Increasing,High,High,High
1014,40,47,6,10,3,Decreasing,High,Low,Low
1015,31,24,10,1,2,Stable,High,Low,High
1016,96,40,2,3,1,Decreasing,Low,Low,Medium
1017,41,37,9,1,0,Stable,High,Low,High
1018,49,66,7,0,0,Stable,High,Low,Medium
1019,34,89,0,2,0,Increasing,High,Low,Low
1020,66,76,2,3,3,Stable,Low,Low,High
1021,67,38,10,9,3,Stable,Low,Low,Low
1022,38,84,4,4,2,Decreasing,Medium,High,Low
1023,82,22,4,4,1,Increasing,Medium,High,High
1024,73,61,9,6,3,Stable,High,High,Low
1025,53,40,1,9,4,Decreasing,High,High,High
1026,59,59,9,7,3,Increasing,High,Low,Low
1027,88,86,7,8,0,Stable,Medium,High,Medium
1028,43,44,4,6,1,Decreasing,Medium,High,Low
1029,38,74,6,4,2,Increasing,Medium,Low,Medium
1030,69,71,6,8,3,Increasing,High,High,Low
1031,95,63,4,7,0,Increasing,Low,High,Low
1032,54,75,7,9,4,Increasing,High,High,High
1033,51,74,8,8,4,Stable,High,High,High
1034,33,89,3,9,2,Stable,High,High,Low
1035,55,96,3,7,2,Increasing,Low,High,Medium
1036,87,92,7,5,3,Increasing,Medium,Low,Low
1037,58,85,0,3,2,Stable,High,Low,Low
1038,66,38,3,8,0,Decreasing,Low,High,Low
1039,99,26,5,8,0,Increasing,Medium,Low,Medium
1040,47,82,3,9,0,Stable,High,High,High
1041,71,61,5,9,3,Stable,Low,Low,Low
1042,70,61,4,8,3,Decreasing,Low,High,High
1043,67,78,8,9,2,Stable,High,High,High
1044,63,39,9,2,3,Increasing,High,Low,High
1045,46,92,8,10,0,Stable,High,High,Low
1046,66,36,3,2,1,Increasing,Low,Low,High
1047,54,46,3,10,0,Stable,High,High,Low
1048,56,66,7,5,1,Increasing,High,High,Medium
1049,86,21,9,5,2,Increasing,Low,High,High
1050,60,82,3,5,4,Stable,Medium,High,Low
1051,35,81,1,4,3,Increasing,Medium,High,High
1052,69,38,1,4,3,Stable,Low,Low,High
1053,41,36,0,1,0,Stable,High,Low,Low
1054,82,88,4,6,0,Stable,Low,High,High
1055,39,58,5,3,1,Increasing,Low,Low,Medium
1056,74,90,8,2,3,Stable,Medium,Low,Medium
1057,46,58,4,7,2,Decreasing,High,High,Medium
1058,55,55,5,3,0,Increasing,High,Low,Low
1059,91,59,5,10,3,Decreasing,Low,Low,Medium
1060,75,64,2,3,4,Decreasing,High,Low,High
1061,93,23,3,7,1,Decreasing,Medium,High,High
1062,31,44,0,0,0,Decreasing,High,Low,High
1063,83,88,3,8,0,Stable,Medium,High,Medium
1064,94,49,0,6,2,Decreasing,High,High,High
1065,80,95,4,1,0,Increasing,Low,High,Low
1066,82,87,10,10,3,Decreasing,Medium,High,Low
1067,65,48,10,5,3,Decreasing,High,High,Low
1068,55,92,7,7,3,Decreasing,High,High,High
1069,58,87,7,10,4,Stable,High,Low,Medium
1070,50,70,4,4,4,Decreasing,High,High,Low
1071,40,43,9,5,0,Decreasing,High,High,High
1072,69,33,1,9,4,Decreasing,High,High,Low
1073,40,88,5,7,4,Increasing,Medium,High,Low
1074,65,37,0,5,2,Stable,Medium,High,High
1075,88,61,6,8,4,Stable,Low,High,Medium
1076,68,76,10,8,1,Stable,Medium,High,High
1077,83,31,3,8,1,Increasing,Medium,High,High
1078,84,36,4,5,1,Decreasing,Medium,High,Low
1079,53,49,5,8,0,Increasing,High,High,Low
1080,51,94,10,2,3,Stable,High,Low,Low
1081,98,42,0,4,2,Stable,Medium,High,High
1082,85,20,8,1,0,Stable,Low,Low,Low
1083,62,98,9,7,3,Increasing,Low,Low,Low
1084,65,51,3,10,2,Stable,High,High,Low
1085,49,28,7,3,2,Decreasing,High,Low,Low
1086,91,34,4,5,2,Increasing,Low,High,Medium
1087,55,47,10,5,1,Decreasing,High,High,High
1088,95,43,7,4,1,Stable,Medium,High,High
1089,69,79,0,0,1,Stable,Medium,Low,High
1090,46,54,7,10,2,Increasing,High,High,Low
1091,30,46,10,6,2,Decreasing,High,Low,High
1092,90,95,10,9,1,Increasing,Low,Low,Medium
1093,72,39,3,7,2,Decreasing,High,High,High
1094,71,84,1,0,1,Stable,High,Low,Low
1095,54,68,10,9,1,Increasing,High,High,High
1096,68,20,5,6,1,Increasing,Medium,Low,Medium
1097,64,29,1,3,3,Decreasing,High,High,High
1098,32,66,4,5,2,Stable,Low,High,High
1099,73,78,1,8,0,Stable,High,High,Low
1100,80,81,2,4,1,Decreasing,Low,Low,Medium
1101,41,37,10,7,0,Decreasing,High,High,High
1102,48,65,5,4,3,Decreasing,High,High,Low
1103,73,51,0,1,2,Decreasing,High,Low,High
1104,88,46,5,3,1,Decreasing,Medium,Low,Low
1105,78,37,2,1,1,Stable,Low,Low,Low
1106,90,58,6,6,1,Stable,Low,Low,Low
1107,46,68,1,6,0,Increasing,High,High,High
1108,86,63,5,2,3,Stable,Medium,Low,High
1109,84,91,7,6,2,Decreasing,High,High,High
1110,76,73,0,0,3,Stable,Low,High,High
1111,41,53,10,0,1,Stable,Medium,Low,High
1112,91,90,10,8,3,Stable,Medium,Low,Medium
1113,37,55,8,5,0,Increasing,High,High,Medium
1114,50,37,4,4,4,Increasing,High,High,High
1115,99,57,4,5,4,Decreasing,Low,High,Low
1116,54,78,4,5,2,Decreasing,High,High,Low
1117,41,28,5,0,2,Increasing,High,Low,High
1118,44,92,1,4,3,Stable,Medium,High,Low
1119,88,91,5,8,2,Stable,Medium,Low,Low
1120,55,70,10,3,0,Increasing,High,Low,High
1121,55,54,3,2,1,Decreasing,High,Low,High
1122,76,24,7,0,1,Stable,Medium,Low,Medium
1123,61,33,10,1,3,Decreasing,Low,Low,Low
1124,39,49,8,2,1,Stable,High,Low,High
1125,45,23,8,3,3,Decreasing,High,Low,Low
1126,46,58,7,6,2,Stable,High,High,Low
1127,52,83,2,5,2,Decreasing,High,High,Low
1128,55,44,9,10,0,Decreasing,High,High,High
1129,36,47,10,7,1,Decreasing,High,Low,High
1130,43,95,10,8,0,Increasing,Low,High,High
1131,36,85,3,5,4,Decreasing,High,High,High
1132,38,97,0,6,0,Increasing,High,High,Medium
1133,77,41,8,3,3,Increasing,Medium,Low,Low
1134,88,50,4,1,3,Decreasing,High,High,Low
1135,68,42,5,8,0,Increasing,High,Low,High
1136,47,67,2,8,2,Increasing,Medium,High,High
1137,88,39,10,3,4,Increasing,Medium,Low,Low
1138,46,57,9,2,0,Stable,High,Low,Low
1139,43,74,7,9,2,Decreasing,High,High,High
1140,60,87,6,10,0,Increasing,Medium,Low,Low
1141,53,98,0,5,1,Decreasing,High,High,High
1142,89,20,9,2,3,Increasing,Low,Low,Medium
1143,74,26,4,0,1,Decreasing,High,High,Low
1144,32,76,9,3,1,Increasing,High,Low,Low
1145,66,31,8,0,4,Stable,High,Low,High
1146,72,24,10,1,2,Stable,Medium,Low,Low
1147,69,69,5,2,3,Stable,Medium,High,Low
1148,84,61,7,7,1,Increasing,Medium,Low,Medium
1149,68,31,9,9,3,Decreasing,High,High,High
1150,44,37,0,3,2,Increasing,High,Low,High
1151,33,85,9,3,0,Stable,High,Low,High
1152,54,93,10,9,1,Increasing,High,High,Medium
1153,42,98,6,8,2,Decreasing,Low,High,Medium
1154,62,36,2,6,3,Stable,High,High,High
1155,45,87,8,1,2,Increasing,High,Low,Medium
1156,71,90,5,2,0,Decreasing,High,Low,Low
1157,95,81,4,3,2,Stable,Low,Low,Medium
1158,84,60,7,3,3,Decreasing,Medium,Low,Medium
1159,71,53,7,9,1,Decreasing,High,High,Low
1160,63,89,2,7,1,Stable,Medium,High,High
1161,59,64,1,9,4,Increasing,Medium,High,Medium
1162,42,77,1,9,3,Increasing,Medium,Low,High
1163,42,70,4,5,4,Increasing,High,High,High
1164,47,53,9,2,4,Increasing,Medium,Low,Medium
1165,61,63,6,10,0,Decreasing,Medium,High,High
1166,68,34,7,8,3,Increasing,Low,High,High
1167,75,97,9,9,1,Increasing,Low,High,Medium
1168,58,89,7,7,3,Decreasing,High,High,Medium
1169,91,69,7,8,0,Decreasing,Low,High,High
1170,91,51,9,4,3,Stable,Low,High,High
1171,86,86,10,2,3,Decreasing,Medium,Low,Low
1172,45,22,2,3,4,Stable,High,Low,High
1173,85,93,10,4,3,Stable,High,High,High
1174,39,70,1,8,4,Increasing,High,High,Low
1175,59,86,3,8,4,Increasing,Low,Low,Low
1176,54,95,0,2,2,Increasing,High,High,High
1177,34,67,2,6,0,Decreasing,High,High,Medium
1178,94,36,10,5,4,Decreasing,Medium,Low,Low
1179,78,26,8,3,3,Increasing,Low,Low,Low
1180,32,32,6,4,4,Increasing,Low,High,Medium
1181,74,85,6,9,4,Decreasing,Medium,High,Medium
1182,43,23,0,1,4,Stable,High,Low,Low
1183,59,29,6,10,1,Stable,Low,High,High
1184,97,36,9,6,1,Increasing,Medium,High,Low
1185,47,71,6,3,1,Increasing,Low,Low,Medium
1186,91,25,3,1,1,Increasing,Medium,Low,Low
1187,66,88,6,10,2,Stable,Low,Low,Low
1188,54,93,7,5,4,Increasing,High,Low,High
1189,77,28,2,10,2,Stable,Low,High,High
1190,94,96,9,1,3,Decreasing,High,Low,High
1191,82,40,1,9,0,Decreasing,High,High,High
1192,44,43,6,1,2,Decreasing,High,Low,High
1193,78,23,4,6,1,Increasing,Medium,High,Medium
1194,97,43,4,0,1,Decreasing,Low,Low,Medium
1195,41,78,4,6,3,Stable,High,High,Low
1196,88,22,6,9,4,Stable,Low,Low,High
1197,66,87,8,4,0,Stable,High,High,Low
1198,90,59,10,0,2,Increasing,Low,Low,Low
1199,72,67,7,5,4,Increasing,Low,Low,Medium
1200,99,73,5,6,4,Stable,Medium,Low,High
1201,68,54,6,0,2,Stable,High,Low,High
1202,85,75,8,8,2,Stable,Medium,High,High
1203,92,59,10,6,2,Stable,Medium,High,Low
1204,75,96,5,0,2,Decreasing,Medium,Low,Medium
1205,40,87,0,2,1,Stable,Medium,High,Low
1206,91,65,3,4,4,Increasing,Low,High,Low
1207,54,97,7,3,4,Increasing,Medium,Low,Medium
1208,81,32,6,1,1,Increasing,Medium,Low,Medium
1209,33,46,2,0,4,Increasing,High,Low,Medium
1210,88,25,9,3,2,Increasing,Low,Low,Low
1211,49,36,2,6,0,Stable,High,High,High
1212,92,55,10,10,4,Stable,Low,High,Low
1213,83,21,2,3,0,Decreasing,High,High,Low
1214,86,96,0,8,0,Decreasing,Medium,High,Medium
1215,70,71,9,7,1,Decreasing,High,High,Medium
1216,32,85,0,7,3,Stable,High,High,High
1217,35,71,5,4,4,Decreasing,High,High,High
1218,34,62,0,0,1,Stable,High,High,Medium
1219,34,41,4,8,1,Increasing,Low,High,High
1220,83,74,3,1,0,Stable,Medium,Low,High
1221,76,86,4,5,4,Stable,Low,High,High
1222,78,79,6,9,1,Increasing,Low,High,Medium
1223,38,77,5,4,2,Increasing,High,High,High
1224,49,31,8,9,1,Increasing,Medium,Low,Low
1225,90,88,5,7,2,Decreasing,Low,Low,Medium
1226,64,58,8,10,3,Decreasing,Low,Low,High
1227,79,32,3,2,2,Decreasing,Medium,High,High
1228,91,60,0,5,2,Increasing,Medium,Low,High
1229,46,76,0,5,0,Decreasing,High,High,High
1230,32,72,9,9,1,Increasing,Medium,Low,Low
1231,61,31,6,2,3,Increasing,Medium,High,Low
1232,42,32,2,6,1,Increasing,High,High,Low
1233,97,93,1,10,2,Decreasing,High,High,High
1234,43,76,5,3,2,Decreasing,High,Low,Low
1235,40,59,5,4,1,Increasing,High,High,Low
1236,85,99,6,8,3,Decreasing,High,Low,Low
1237,96,64,4,5,3,Stable,Medium,Low,Medium
1238,58,54,7,9,0,Decreasing,High,Low,Medium
1239,38,22,6,3,2,Increasing,High,Low,Low
1240,96,24,1,7,2,Increasing,Low,High,Low
1241,54,30,0,8,0,Increasing,High,High,Low
1242,71,90,8,9,1,Stable,High,High,High
1243,38,75,4,4,2,Increasing,High,High,High
1244,69,29,10,1,1,Increasing,Medium,Low,Low
1245,54,53,4,5,3,Decreasing,High,High,High
1246,34,86,9,10,4,Stable,High,Low,Low
1247,40,91,3,7,0,Decreasing,High,High,High
1248,88,50,1,4,2,Increasing,Low,High,Low
1249,67,94,4,0,0,Increasing,High,Low,High
1250,34,90,1,7,3,Stable,High,High,High
1251,77,85,6,8,3,Increasing,Medium,High,Medium
1252,47,89,10,0,3,Stable,High,Low,Medium
1253,99,60,8,7,3,Decreasing,Medium,Low,High
1254,66,82,8,9,4,Stable,Low,Low,Low
1255,89,51,10,1,1,Decreasing,High,Low,Medium
1256,77,39,5,3,1,Increasing,Low,Low,Low
1257,57,76,0,1,4,Decreasing,High,High,High
1258,98,69,5,1,1,Decreasing,Low,Low,High
1259,69,99,4,9,3,Decreasing,Medium,High,Low
1260,74,44,3,2,1,Stable,Low,Low,Low
1261,91,31,5,7,0,Decreasing,High,Low,Low
1262,87,90,5,3,1,Stable,Low,Low,High
1263,96,58,5,6,0,Stable,High,High,Low
1264,85,36,1,9,2,Stable,Low,High,Low
1265,69,64,6,2,0,Increasing,High,Low,Low
1266,69,30,3,9,0,Increasing,High,High,Low
1267,62,89,8,10,3,Increasing,High,High,Medium
1268,35,42,9,2,3,Stable,High,Low,High
1269,48,89,1,1,3,Increasing,High,Low,Medium
1270,69,57,4,5,0,Decreasing,Low,High,Low
1271,88,21,3,5,4,Stable,Medium,High,Low
1272,88,98,8,0,3,Increasing,Low,Low,Low
1273,77,91,3,6,3,Stable,Medium,High,High
1274,70,56,7,3,0,Increasing,Medium,Low,Low
1275,42,68,7,10,2,Decreasing,High,High,Low
1276,74,71,5,2,2,Stable,High,Low,High
1277,82,52,5,7,1,Increasing,Medium,High,Medium
1278,71,41,10,1,2,Increasing,Medium,Low,Low
1279,92,24,7,8,3,Decreasing,High,Low,High
1280,56,37,9,7,4,Decreasing,High,High,High
1281,67,57,8,7,1,Increasing,Medium,Low,High
1282,89,56,4,2,4,Increasing,Low,High,High
1283,36,83,10,3,4,Stable,Low,Low,Medium
1284,34,29,0,1,3,Stable,High,Low,Low
1285,74,98,0,1,0,Increasing,Low,Low,Medium
1286,87,61,1,3,0,Decreasing,High,High,Low
1287,60,67,9,5,0,Stable,Low,High,High
1288,52,63,9,4,2,Increasing,High,High,Low
1289,71,35,4,0,0,Decreasing,High,High,High
1290,39,73,3,9,3,Decreasing,High,High,Medium
1291,61,54,0,0,2,Increasing,Low,High,High
1292,82,47,3,5,0,Increasing,Low,High,Medium
1293,59,21,3,2,4,Stable,High,Low,High
1294,68,32,9,2,3,Increasing,Medium,Low,Medium
1295,60,60,3,6,3,Stable,Low,High,High
1296,31,99,0,0,1,Decreasing,High,Low,Low
1297,41,78,8,0,3,Stable,High,High,High
1298,68,88,2,9,4,Increasing,Medium,High,High
1299,95,72,3,2,3,Stable,Low,High,High
1300,42,64,4,7,1,Decreasing,High,High,Medium
1301,75,39,6,0,3,Decreasing,Medium,Low,High
1302,56,43,5,9,3,Increasing,High,High,High
1303,46,80,4,3,1,Stable,High,Low,Low
1304,89,77,7,8,3,Increasing,Low,High,High
1305,93,46,0,3,2,Increasing,Low,Low,Low
1306,64,45,6,9,3,Decreasing,High,Low,High
1307,99,26,5,7,0,Stable,Low,High,Medium
1308,59,61,10,6,0,Increasing,High,High,Low
1309,92,66,4,2,2,Decreasing,Low,Low,High
1310,57,72,6,6,3,Increasing,High,High,High
1311,89,78,2,6,4,Stable,Low,High,Low
1312,66,57,0,9,3,Increasing,High,High,Medium
1313,51,88,8,2,0,Stable,High,Low,Medium
1314,97,72,1,1,1,Decreasing,Low,Low,Medium
1315,49,34,9,8,2,Decreasing,High,High,High
1316,97,45,2,0,1,Increasing,Medium,Low,Low
1317,93,67,7,6,4,Decreasing,Medium,High,Low
1318,46,38,9,3,3,Increasing,High,Low,Low
1319,41,28,8,1,4,Increasing,High,Low,Low
1320,51,83,2,1,1,Stable,High,Low,Medium
1321,46,73,5,7,3,Increasing,High,High,High
1322,39,70,6,6,4,Stable,Medium,High,Low
1323,94,58,0,6,0,Increasing,Medium,High,High
1324,51,23,6,4,0,Stable,High,High,High
1325,79,22,3,9,2,Decreasing,High,High,High
1326,43,83,4,7,0,Increasing,High,High,Low
1327,93,48,7,1,0,Stable,Medium,Low,Low
1328,76,30,3,1,1,Increasing,Low,High,High
1329,58,77,3,4,0,Stable,High,High,High
1330,65,94,7,0,0,Stable,High,Low,High
1331,81,46,4,5,1,Increasing,Low,Low,High
1332,36,40,5,3,0,Increasing,Low,High,Low
1333,58,58,10,5,0,Decreasing,High,High,Low
1334,40,65,4,6,2,Decreasing,High,High,Low
1335,62,85,0,2,0,Decreasing,Medium,Low,Medium
1336,35,55,6,10,0,Increasing,High,High,Medium
1337,61,94,5,7,2,Decreasing,Medium,High,Medium
1338,80,84,1,6,1,Stable,Low,High,Low
1339,87,82,10,0,0,Increasing,Low,Low,Low
1340,55,54,6,5,4,Stable,High,High,Low
1341,75,50,5,6,1,Stable,Medium,High,Medium
1342,58,47,4,10,1,Stable,High,High,High
1343,33,20,7,3,0,Increasing,High,Low,Low
1344,42,44,4,1,2,Increasing,High,High,High
1345,68,62,10,9,1,Decreasing,Low,High,High
1346,44,86,1,8,2,Decreasing,High,High,High
1347,58,82,5,6,4,Decreasing,High,Low,High
1348,58,70,0,0,2,Decreasing,High,Low,Medium
1349,61,21,4,7,3,Stable,High,High,High
1350,31,83,5,2,2,Increasing,High,Low,Medium
1351,76,93,6,3,1,Decreasing,Low,Low,Medium
1352,51,88,1,4,2,Stable,Low,High,Low
1353,56,28,0,0,2,Increasing,High,Low,Low
1354,96,21,5,5,3,Increasing,Medium,High,High
1355,85,53,2,9,3,Increasing,Low,High,Low
1356,50,79,4,5,0,Stable,High,High,Low
1357,76,80,10,1,1,Decreasing,Low,Low,Medium
1358,88,50,1,10,0,Increasing,Low,High,Medium
1359,35,29,0,9,3,Stable,Low,High,Medium
1360,48,95,0,5,2,Increasing,Low,High,High
1361,86,55,10,7,3,Stable,Medium,Low,Low
1362,98,68,3,5,4,Decreasing,Low,High,Medium
1363,32,89,9,3,2,Decreasing,Medium,Low,High
1364,30,68,1,3,0,Increasing,High,Low,Low
1365,87,22,0,8,2,Decreasing,Medium,High,Low
1366,67,93,5,5,4,Decreasing,Low,Low,Medium
1367,44,24,3,7,3,Stable,High,High,Low
1368,63,80,9,7,1,Stable,Medium,High,Medium
1369,90,45,6,6,1,Increasing,Medium,High,High
1370,64,91,10,2,1,Stable,Medium,Low,Low
1371,93,24,5,9,3,Decreasing,Low,High,Medium
1372,54,34,4,0,1,Stable,High,Low,High
1373,53,35,9,4,4,Decreasing,High,High,Low
1374,41,20,1,9,3,Increasing,High,High,Low
1375,47,35,4,9,1,Decreasing,High,High,Low
1376,44,56,8,1,0,Stable,High,High,High
1377,56,22,8,9,3,Stable,High,High,Low
1378,89,71,1,1,3,Stable,Low,Low,Low
1379,75,66,6,6,2,Stable,Low,High,Low
1380,46,32,9,10,1,Increasing,High,Low,Low
1381,82,99,3,2,0,Decreasing,Low,Low,Medium
1382,37,74,2,7,4,Stable,High,High,High
1383,56,40,10,8,3,Decreasing,High,Low,High
1384,75,85,0,7,4,Increasing,Low,High,Medium
1385,79,73,2,5,4,Decreasing,Medium,High,Low
1386,32,46,10,4,4,Stable,High,Low,Low
1387,93,57,8,2,2,Decreasing,High,Low,Low
1388,73,77,8,2,4,Stable,Medium,Low,Medium
1389,82,81,6,6,1,Stable,Low,High,Medium
1390,53,65,2,4,1,Increasing,High,High,High
1391,89,30,2,5,0,Increasing,Low,High,Low
1392,32,91,3,5,0,Decreasing,High,High,Low
1393,49,27,6,8,4,Decreasing,High,High,Low
1394,75,90,6,0,4,Stable,Medium,Low,Medium
1395,44,83,1,7,2,Stable,Low,High,Low
1396,54,40,4,9,4,Stable,Low,High,High
1397,46,91,6,4,4,Stable,High,High,High
1398,38,82,6,5,4,Increasing,High,Low,High
1399,67,83,5,5,3,Stable,High,High,High
1400,77,39,9,0,3,Increasing,Medium,High,Low
1401,89,27,9,2,2,Decreasing,Low,Low,Low
1402,92,77,7,5,2,Decreasing,Medium,High,High
1403,31,65,2,10,1,Increasing,High,High,High
1404,40,50,0,10,2,Stable,High,High,High
1405,93,28,2,8,1,Decreasing,Low,High,High
1406,50,34,10,5,4,Increasing,Low,High,Low
1407,47,45,1,5,2,Decreasing,High,High,High
1408,93,29,1,0,2,Stable,Medium,Low,Medium
1409,67,48,1,8,2,Increasing,High,High,High
1410,61,99,4,3,1,Decreasing,Low,Low,Medium
1411,40,55,0,1,1,Stable,Low,High,Medium
1412,74,56,9,0,0,Increasing,Low,Low,Low
1413,62,90,3,2,1,Increasing,Low,Low,Low
1414,70,42,9,2,1,Increasing,High,Low,High
1415,37,60,4,4,3,Increasing,High,High,High
1416,40,99,1,0,2,Decreasing,High,Low,High
1417,80,47,4,6,1,Increasing,Low,High,High
1418,70,67,9,0,2,Increasing,High,Low,High
1419,46,57,3,3,2,Increasing,High,Low,Low
1420,75,50,7,5,3,Increasing,Medium,High,Low
1421,61,33,0,0,2,Increasing,Low,Low,High
1422,83,92,4,6,1,Stable,Low,High,Medium
1423,49,96,10,9,2,Decreasing,High,Low,High
1424,62,48,9,6,0,Stable,Low,Low,High
1425,69,70,0,2,0,Decreasing,Medium,Low,Low
1426,61,68,9,3,3,Increasing,High,Low,Medium
1427,31,62,9,5,1,Decreasing,High,High,High
1428,62,91,3,10,3,Increasing,Low,High,Low
1429,59,24,7,6,0,Increasing,High,High,Medium
1430,62,61,0,3,1,Stable,High,Low,High
1431,55,26,10,9,2,Stable,High,High,High
1432,51,61,1,10,1,Stable,High,High,High
1433,95,55,0,8,4,Decreasing,Medium,High,Medium
1434,67,46,10,8,1,Decreasing,Medium,High,Medium
1435,75,77,6,8,2,Stable,Low,High,Low
1436,44,65,1,9,4,Stable,High,Low,Low
1437,73,85,0,5,3,Increasing,High,High,Low
1438,78,44,5,1,1,Decreasing,Low,Low,Medium
1439,90,92,5,1,3,Increasing,Low,Low,Low
1440,96,46,9,10,1,Decreasing,Low,High,Low
1441,35,20,1,3,0,Stable,High,High,High
1442,38,93,0,8,0,Decreasing,High,High,High
1443,35,61,9,2,2,Decreasing,High,High,High
1444,61,71,2,5,0,Increasing,Low,High,Medium
1445,70,44,9,1,4,Stable,Medium,Low,Low
1446,37,73,4,0,4,Stable,High,Low,High
1447,79,86,5,4,1,Stable,Low,High,Low
1448,91,25,2,7,3,Increasing,Medium,High,High
1449,91,77,8,9,4,Increasing,Medium,High,Low
1450,36,89,10,9,1,Increasing,High,High,Low
1451,33,72,4,1,3,Decreasing,High,Low,Low
1452,35,85,1,9,0,Decreasing,High,High,High
1453,87,77,9,8,1,Increasing,Medium,High,Low
1454,51,21,5,7,3,Increasing,High,Low,High
1455,55,95,7,2,2,Stable,High,Low,Low
1456,32,41,10,0,2,Decreasing,High,Low,High
1457,70,56,5,3,4,Decreasing,High,Low,Low
1458,89,39,3,7,3,Stable,Medium,Low,Low
1459,43,43,5,2,2,Stable,High,Low,Low
1460,41,84,7,9,4,Stable,High,High,Medium
1461,41,84,7,1,1,Increasing,High,Low,Medium
1462,42,20,9,6,1,Increasing,High,High,High
1463,54,22,1,3,3,Increasing,Medium,Low,High
1464,74,65,7,5,3,Increasing,Medium,High,High
1465,48,74,5,4,3,Increasing,Medium,High,Low
1466,84,94,1,1,3,Decreasing,Medium,Low,Low
1467,74,83,0,9,2,Decreasing,Low,High,Low
1468,37,64,5,1,2,Decreasing,High,Low,High
1469,82,45,6,8,4,Stable,Low,Low,Medium
1470,84,96,9,10,2,Decreasing,Medium,Low,Medium
1471,61,84,4,9,1,Stable,Low,High,Low
1472,80,43,9,1,4,Decreasing,Medium,Low,High
1473,73,93,7,7,2,Increasing,Low,Low,Low
1474,99,54,10,7,3,Decreasing,Medium,High,High
1475,47,43,8,0,2,Increasing,High,Low,High
1476,51,47,3,0,0,Increasing,Low,Low,Low
1477,66,99,6,3,4,Decreasing,Low,Low,Low
1478,85,35,7,1,2,Decreasing,Low,High,Low
1479,88,78,5,0,2,Increasing,Medium,Low,High
1480,32,73,1,8,1,Stable,High,High,High
1481,57,98,6,2,3,Stable,High,Low,High
1482,64,35,8,0,3,Decreasing,High,Low,Low
1483,90,34,4,1,1,Increasing,Medium,Low,High
1484,83,30,1,7,1,Stable,Low,High,Low
1485,92,84,3,4,0,Decreasing,Low,High,Low
1486,36,98,2,10,4,Decreasing,High,High,Low
1487,78,87,3,6,3,Increasing,Low,High,High
1488,60,62,9,5,1,Stable,High,Low,High
1489,87,88,6,0,1,Decreasing,Low,Low,Low
1490,90,32,9,5,4,Stable,Medium,High,Low
1491,53,29,7,10,1,Decreasing,High,High,Low
1492,49,94,0,6,0,Decreasing,Medium,High,High
1493,66,60,7,3,4,Stable,High,Low,Low
1494,33,69,4,7,0,Stable,High,High,Medium
1495,49,90,6,7,2,Increasing,Low,Low,Medium
1496,89,78,10,6,3,Increasing,Medium,Low,Low
1497,53,58,10,10,1,Increasing,Low,Low,Medium
1498,79,22,0,1,4,Increasing,Low,Low,High
1499,78,95,1,5,0,Stable,Medium,High,Medium
1500,80,26,0,5,3,Increasing,Medium,High,High
1501,65,68,4,6,3,Stable,Medium,High,Medium
1502,95,45,5,5,1,Decreasing,Low,Low,Medium
1503,63,52,9,1,3,Stable,High,High,High
1504,65,67,8,7,1,Increasing,Low,Low,Low
1505,35,98,7,3,2,Stable,High,Low,Low
1506,68,21,6,8,1,Stable,Low,High,Low
1507,71,90,4,7,0,Stable,Medium,High,High
1508,87,51,2,2,3,Stable,Medium,Low,High
1509,41,23,8,2,3,Stable,High,Low,Low
1510,32,39,4,7,3,Increasing,Low,High,High
1511,47,55,2,1,1,Stable,High,Low,Medium
1512,69,51,2,8,4,Increasing,Low,Low,High
1513,50,47,2,3,1,Decreasing,High,Low,High
1514,44,96,5,5,0,Stable,High,High,Low
1515,55,20,0,2,1,Decreasing,High,High,Low
1516,37,79,10,2,3,Increasing,High,Low,Low
1517,71,75,3,2,2,Stable,Low,Low,Low
1518,73,54,7,10,0,Decreasing,Medium,Low,Low
1519,43,49,2,9,2,Increasing,Low,High,High
1520,31,73,4,1,0,Decreasing,High,High,High
1521,66,55,1,7,0,Stable,High,High,Medium
1522,98,74,1,8,3,Stable,Low,High,High
1523,67,99,10,7,1,Stable,Low,High,Low
1524,70,77,6,9,3,Increasing,Medium,Low,Medium
1525,91,84,9,2,3,Decreasing,Low,Low,Low
1526,89,88,2,6,3,Increasing,Low,High,Low
1527,43,70,4,10,2,Decreasing,Low,High,High
1528,31,41,2,9,0,Increasing,High,High,Low
1529,99,72,5,1,4,Stable,Medium,Low,Low
1530,46,55,9,3,1,Decreasing,High,Low,Low
1531,57,87,2,5,3,Decreasing,Low,High,Low
1532,95,55,7,10,0,Decreasing,Medium,High,Medium
1533,64,71,1,4,1,Increasing,Low,High,Low
1534,34,72,2,8,4,Stable,High,High,High
1535,94,69,7,9,4,Decreasing,Medium,High,Low
1536,69,99,7,3,3,Increasing,Medium,Low,Low
1537,85,60,0,4,4,Decreasing,Low,High,High
1538,65,37,7,3,4,Stable,Medium,Low,Low
1539,74,41,9,7,1,Decreasing,High,High,Low
1540,52,85,1,7,1,Stable,Low,High,Low
1541,76,40,6,2,3,Increasing,Low,Low,Low
1542,60,63,5,0,0,Increasing,Low,Low,Low
1543,40,66,1,5,3,Stable,High,High,High
1544,39,58,4,1,2,Stable,High,Low,Low
1545,96,48,6,1,4,Increasing,Low,Low,Low
1546,43,73,7,2,0,Stable,High,Low,Low
1547,39,36,2,7,1,Stable,High,High,High
1548,30,99,0,2,2,Decreasing,Medium,Low,Medium
1549,34,79,6,6,2,Increasing,High,High,Low
1550,49,50,4,9,4,Increasing,Low,High,Medium
1551,37,92,4,9,1,Stable,Medium,High,Medium
1552,72,97,6,8,0,Stable,Low,High,Low
1553,30,68,0,7,1,Stable,High,Low,Medium
1554,86,21,7,0,4,Increasing,Low,Low,Medium
1555,93,67,9,6,2,Decreasing,Low,High,High
1556,57,33,4,6,4,Increasing,High,Low,High
1557,66,78,7,7,3,Decreasing,Medium,High,High
1558,76,77,9,9,2,Stable,Low,High,Medium
1559,66,77,9,4,4,Increasing,Medium,High,Medium
1560,78,70,4,9,0,Decreasing,Medium,Low,Low
1561,73,21,6,8,0,Increasing,High,Low,High
1562,85,60,9,8,0,Decreasing,Medium,High,High
1563,57,35,2,7,3,Decreasing,High,High,Low
1564,35,23,1,5,1,Increasing,Medium,High,Medium
1565,90,31,5,5,0,Stable,High,Low,Medium
1566,49,48,4,0,3,Increasing,Medium,High,High
1567,31,26,8,5,0,Stable,High,High,High
1568,66,33,9,3,3,Decreasing,High,Low,Low
1569,49,31,3,3,0,Decreasing,High,Low,Medium
1570,55,24,10,1,1,Increasing,Low,Low,High
1571,58,51,2,10,4,Increasing,Low,High,High
1572,30,93,8,3,0,Stable,High,High,Low
1573,64,62,7,4,4,Stable,High,High,High
1574,99,88,5,4,0,Increasing,Low,Low,Medium
1575,88,64,0,4,1,Stable,Low,High,Low
1576,98,28,9,3,4,Stable,Medium,Low,High
1577,62,68,10,0,3,Increasing,Medium,Low,Low
1578,80,52,0,9,0,Increasing,Low,High,High
1579,41,37,5,7,0,Decreasing,High,High,High
1580,49,28,2,2,3,Decreasing,High,Low,Medium
1581,82,81,2,1,1,Increasing,Medium,Low,Medium
1582,72,76,5,8,2,Decreasing,Medium,High,High
1583,79,48,2,6,0,Stable,Low,High,Low
1584,58,97,10,8,3,Increasing,High,Low,High
1585,86,44,9,1,2,Decreasing,Medium,Low,Low
1586,68,34,5,8,0,Increasing,Medium,High,High
1587,85,25,4,9,4,Decreasing,Medium,High,Low
1588,72,61,3,8,3,Increasing,Medium,High,Low
1589,79,48,7,10,4,Stable,Medium,Low,High
1590,52,98,1,8,1,Decreasing,High,High,Medium
1591,73,23,10,9,2,Increasing,Low,High,Low
1592,67,76,6,9,3,Stable,Medium,Low,High
1593,52,68,3,3,0,Decreasing,Low,Low,Low
1594,74,63,1,9,0,Decreasing,High,High,Low
1595,81,99,6,2,2,Increasing,Medium,High,High
1596,79,94,0,5,4,Stable,Medium,High,Low
1597,37,33,3,2,4,Increasing,High,High,High
1598,30,22,8,10,3,Decreasing,High,High,High
1599,37,81,3,8,3,Increasing,High,High,High
1600,58,83,2,2,4,Increasing,High,Low,Medium
1601,34,64,9,1,3,Stable,High,High,High
1602,76,77,9,7,4,Stable,Low,High,High
1603,63,39,1,5,2,Decreasing,High,High,Low
1604,94,77,2,7,3,Stable,Medium,High,High
1605,84,76,0,6,4,Increasing,Medium,High,Medium
1606,72,96,9,2,3,Decreasing,Low,Low,Medium
1607,59,87,7,7,0,Stable,High,Low,High
1608,46,97,0,9,0,Increasing,High,High,Low
1609,55,71,2,0,1,Increasing,High,High,High
1610,37,56,2,0,4,Decreasing,High,High,Low
1611,76,27,1,9,1,Decreasing,Low,High,Medium
1612,75,63,4,7,4,Stable,Medium,High,Low
1613,97,24,9,8,3,Stable,Medium,Low,High
1614,62,88,2,9,4,Stable,Low,High,Low
1615,30,50,2,5,0,Stable,High,High,High
1616,48,64,7,4,3,Decreasing,High,High,High
1617,60,28,3,1,0,Increasing,Low,Low,Low
1618,43,51,3,10,3,Increasing,Medium,High,Low
1619,82,52,2,8,4,Stable,Medium,High,High
1620,77,86,10,5,4,Decreasing,Medium,High,Low
1621,98,49,0,7,0,Stable,Low,High,Low
1622,91,95,7,8,2,Stable,Low,Low,Medium
1623,95,48,0,8,4,Decreasing,Low,High,High
1624,93,22,6,7,2,Increasing,Low,High,High
1625,99,76,4,9,3,Increasing,Medium,High,High
1626,92,49,3,7,2,Stable,Low,High,High
1627,62,28,3,2,0,Decreasing,High,Low,High
1628,70,45,7,2,1,Increasing,Low,Low,High
1629,77,21,10,1,1,Increasing,Low,Low,Medium
1630,42,81,10,0,0,Decreasing,High,Low,High
1631,60,22,5,3,1,Decreasing,Medium,Low,High
1632,97,65,0,1,0,Increasing,Medium,Low,High
1633,33,87,9,1,4,Stable,High,High,Medium
1634,48,44,7,10,2,Stable,High,Low,High
1635,99,70,1,10,1,Increasing,Low,High,Low
1636,42,32,5,4,4,Stable,High,High,Low
1637,52,63,8,3,1,Stable,High,Low,High
1638,30,54,0,0,3,Decreasing,High,High,High
1639,83,74,5,8,0,Decreasing,Medium,Low,Low
1640,44,28,7,3,0,Decreasing,High,Low,High
1641,94,21,9,4,4,Stable,Medium,High,High
1642,44,80,1,6,3,Decreasing,High,Low,High
1643,50,60,4,1,2,Decreasing,High,High,High
1644,48,63,5,7,3,Increasing,Low,High,Medium
1645,89,83,4,10,3,Decreasing,High,High,Low
1646,62,50,2,1,2,Increasing,High,Low,Medium
1647,78,66,3,10,2,Stable,Low,Low,Low
1648,64,21,6,9,3,Decreasing,Low,Low,Medium
1649,73,96,3,4,1,Increasing,High,Low,Medium
1650,40,88,8,1,1,Increasing,High,Low,High
1651,95,77,10,1,3,Increasing,Low,Low,Low
1652,75,63,9,3,1,Stable,Low,Low,Medium
1653,38,93,1,3,2,Decreasing,High,Low,High
1654,32,75,4,7,2,Stable,High,Low,High
1655,55,62,7,5,1,Increasing,High,Low,High
1656,77,53,4,9,2,Stable,Low,High,High
1657,95,49,9,7,0,Stable,High,High,Low
1658,99,90,7,6,2,Increasing,Low,High,High
1659,57,89,7,9,3,Decreasing,High,High,High
1660,55,74,8,3,4,Decreasing,High,Low,Low
1661,54,86,9,1,1,Stable,High,Low,Low
1662,41,32,5,8,1,Decreasing,High,High,High
1663,34,22,3,1,2,Increasing,High,High,High
1664,77,45,10,0,2,Decreasing,Medium,Low,High
1665,66,76,2,7,4,Stable,High,High,Low
1666,73,43,4,9,4,Increasing,Medium,High,High
1667,44,72,5,8,3,Increasing,High,Low,Medium
1668,72,89,2,0,0,Increasing,Low,Low,Low
1669,77,62,1,6,3,Stable,Medium,High,Medium
1670,99,79,6,1,1,Stable,Low,Low,Medium
1671,75,77,10,5,2,Decreasing,Low,High,Medium
1672,72,68,4,10,3,Stable,High,High,High
1673,50,61,8,4,2,Increasing,High,High,Low
1674,52,95,2,0,2,Stable,High,Low,Medium
1675,76,85,7,1,3,Stable,Medium,Low,High
1676,44,30,5,1,3,Decreasing,High,Low,Medium
1677,54,37,3,9,4,Increasing,High,High,Low
1678,65,71,8,9,0,Decreasing,High,High,High
1679,80,65,4,5,4,Decreasing,Low,High,Low
1680,44,63,9,10,0,Decreasing,High,High,Medium
1681,97,41,5,0,3,Increasing,Medium,Low,Low
1682,50,72,8,10,0,Decreasing,High,Low,Low
1683,42,78,6,3,1,Increasing,High,High,Low
1684,48,49,4,9,4,Decreasing,High,Low,Low
1685,63,27,1,10,4,Decreasing,High,Low,High
1686,97,76,3,4,4,Increasing,Medium,High,High
1687,81,92,1,1,2,Stable,Medium,High,Medium
1688,56,39,2,1,2,Decreasing,High,Low,Low
1689,58,44,9,6,3,Stable,High,High,Low
1690,57,38,2,6,3,Decreasing,High,High,High
1691,64,24,3,5,2,Stable,Medium,High,High
1692,37,94,5,0,4,Stable,High,Low,Low
1693,45,98,2,2,2,Stable,High,High,Medium
1694,65,91,9,8,0,Stable,High,High,Low
1695,59,46,0,9,4,Stable,High,High,Low
1696,47,59,0,0,2,Increasing,Medium,Low,High
1697,31,45,8,1,3,Stable,High,Low,High
1698,78,46,8,7,2,Increasing,Low,High,Low
1699,33,81,4,6,1,Decreasing,High,High,High
1700,36,69,8,8,2,Increasing,Medium,Low,High
1701,68,61,10,9,4,Stable,Low,Low,Medium
1702,42,48,6,3,2,Increasing,Low,Low,High
1703,60,58,8,3,3,Stable,Low,Low,Medium
1704,92,79,6,6,0,Increasing,High,High,Low
1705,85,60,8,0,1,Decreasing,High,Low,Low
1706,71,52,1,9,4,Stable,Medium,High,High
1707,90,35,10,8,3,Stable,Medium,High,Low
1708,71,42,10,1,1,Increasing,Low,Low,High
1709,85,26,7,0,2,Increasing,High,Low,High
1710,65,45,6,6,1,Increasing,Low,High,Medium
1711,97,31,5,5,0,Increasing,Medium,High,Low
1712,36,91,4,2,1,Increasing,High,Low,Low
1713,83,24,3,0,1,Stable,Low,Low,High
1714,30,88,6,4,2,Decreasing,High,Low,High
1715,73,68,2,9,2,Increasing,Medium,High,Low
1716,74,45,7,3,4,Stable,High,Low,High
1717,76,24,1,4,2,Decreasing,Low,High,Low
1718,42,41,0,0,1,Decreasing,High,High,High
1719,51,98,10,0,0,Increasing,Medium,High,Low
1720,50,32,1,4,2,Stable,High,High,High
1721,38,47,8,5,4,Stable,High,High,High
1722,55,52,4,4,4,Stable,High,High,Low
1723,38,42,10,1,1,Stable,High,Low,High
1724,44,37,7,8,2,Stable,High,High,High
1725,39,49,2,4,2,Decreasing,High,High,High
1726,71,45,6,10,4,Decreasing,High,Low,High
1727,53,35,1,10,2,Decreasing,High,High,High
1728,78,96,7,4,1,Stable,Medium,Low,Medium
1729,55,58,6,9,0,Decreasing,High,High,High
1730,66,52,4,8,1,Decreasing,High,Low,Low
1731,97,45,10,2,2,Increasing,Medium,Low,Medium
1732,79,67,3,4,1,Decreasing,High,High,Medium
1733,53,84,0,4,3,Increasing,Medium,High,Low
1734,48,57,4,1,3,Stable,High,High,Low
1735,89,21,8,10,2,Stable,Low,Low,Medium
1736,68,25,9,3,2,Stable,Medium,Low,High
1737,47,65,3,10,0,Stable,High,Low,Medium
1738,48,69,8,10,1,Decreasing,High,High,High
1739,65,57,1,1,0,Increasing,Medium,Low,Low
1740,84,37,3,4,2,Stable,Medium,High,Low
1741,98,46,8,9,2,Stable,High,High,High
1742,76,60,3,1,4,Increasing,Low,Low,Medium
1743,78,91,4,9,0,Increasing,Low,High,Low
1744,62,93,10,8,2,Increasing,High,Low,Medium
1745,50,36,7,9,3,Increasing,High,High,High
1746,51,81,0,5,4,Increasing,High,High,High
1747,77,48,0,7,1,Decreasing,Low,High,Low
1748,66,77,8,8,4,Increasing,Medium,High,Low
1749,44,89,8,7,1,Decreasing,High,High,High
1750,64,97,3,4,3,Increasing,High,High,High
1751,61,41,1,4,1,Increasing,Medium,High,High
1752,40,25,8,5,0,Stable,High,Low,Low
1753,39,45,3,0,1,Stable,High,High,Low
1754,86,58,5,10,1,Stable,Low,High,Medium
1755,54,31,0,7,4,Stable,High,High,Low
1756,31,33,8,1,3,Stable,High,Low,Low
1757,93,41,4,5,1,Stable,Low,High,Low
1758,64,70,2,8,0,Increasing,High,High,High
1759,36,42,3,2,4,Increasing,High,Low,High
1760,47,67,0,1,3,Stable,Low,Low,Medium
1761,96,90,8,9,3,Stable,Medium,Low,Medium
1762,71,69,7,4,2,Stable,Medium,Low,Low
1763,68,32,3,10,0,Increasing,High,High,High
1764,70,29,1,8,4,Stable,Low,High,Low
1765,53,74,8,5,4,Stable,High,High,High
1766,89,28,3,7,0,Increasing,Low,High,High
1767,75,98,8,7,3,Increasing,Medium,High,Medium
1768,48,71,9,6,1,Decreasing,High,High,High
1769,97,21,2,4,0,Stable,Medium,High,High
1770,71,44,6,1,4,Increasing,High,Low,Low
1771,61,32,6,9,0,Decreasing,Low,High,Low
1772,68,70,9,9,3,Increasing,Low,High,High
1773,65,77,3,4,2,Decreasing,Medium,High,Low
1774,65,53,1,6,2,Decreasing,High,High,High
1775,32,54,10,6,1,Stable,High,High,High
1776,37,22,8,10,1,Stable,High,Low,High
1777,99,78,3,1,3,Decreasing,High,High,High
1778,70,89,7,6,1,Stable,Low,High,Medium
1779,97,67,1,5,2,Increasing,High,High,Low
1780,42,83,7,6,3,Increasing,High,High,Low
1781,78,38,10,10,3,Decreasing,Low,High,Low
1782,89,86,9,7,3,Decreasing,Medium,High,Low
1783,31,92,4,3,0,Increasing,Medium,Low,Low
1784,89,95,6,0,1,Increasing,Low,Low,Medium
1785,34,24,6,7,4,Decreasing,High,Low,High
1786,73,86,8,7,2,Increasing,Medium,High,Low
1787,56,30,2,2,1,Increasing,High,Low,Low
1788,61,87,9,2,2,Decreasing,Low,Low,High
1789,50,88,3,4,1,Stable,High,High,High
1790,37,20,9,2,4,Increasing,Medium,Low,High
1791,79,82,3,4,2,Stable,Low,High,Medium
1792,96,48,9,7,4,Stable,Medium,High,Medium
1793,73,31,4,0,2,Increasing,Low,High,Medium
1794,87,96,5,1,0,Stable,Medium,High,High
1795,32,60,2,1,0,Decreasing,High,Low,Medium
1796,99,21,3,3,2,Increasing,Medium,Low,Low
1797,31,56,2,8,2,Increasing,High,Low,Medium
1798,73,64,1,1,4,Stable,Medium,Low,Low
1799,31,99,9,10,3,Increasing,Low,High,Medium
1800,64,67,8,8,2,Increasing,Low,Low,High
1801,59,43,0,6,1,Stable,High,High,High
1802,37,41,1,9,1,Stable,High,High,High
1803,51,30,7,7,1,Increasing,High,High,High
1804,73,77,6,0,0,Increasing,Low,Low,Medium
1805,87,65,0,4,4,Decreasing,Medium,High,Low
1806,65,48,4,8,0,Decreasing,Low,High,High
1807,98,54,9,3,1,Increasing,Low,Low,Low
1808,60,34,5,1,2,Increasing,Medium,Low,High
1809,76,79,4,5,1,Decreasing,Low,High,High
1810,84,61,3,1,2,Stable,Low,Low,High
1811,91,62,0,2,4,Increasing,Low,Low,Low
1812,59,99,6,7,3,Decreasing,High,High,High
1813,84,93,8,2,2,Decreasing,Low,Low,Medium
1814,45,68,5,1,0,Increasing,High,Low,High
1815,41,83,2,5,1,Increasing,High,High,Low
1816,46,51,9,2,1,Decreasing,High,Low,Low
1817,45,83,3,0,1,Increasing,High,Low,Medium
1818,41,21,9,2,2,Stable,High,Low,Low
1819,37,43,4,5,4,Increasing,High,High,High
1820,32,85,0,2,2,Decreasing,High,Low,High
1821,45,57,4,8,0,Decreasing,High,High,Low
1822,59,50,0,6,1,Increasing,High,High,Low
1823,52,45,8,4,2,Decreasing,High,High,Low
1824,34,48,6,1,1,Stable,High,Low,High
1825,94,86,2,8,0,Increasing,Medium,High,Medium
1826,59,97,8,4,3,Increasing,High,Low,Low
1827,50,44,1,6,3,Decreasing,High,High,High
1828,99,67,6,8,3,Stable,Low,Low,Low
1829,51,84,8,3,1,Increasing,High,Low,Low
1830,61,72,5,8,2,Decreasing,High,High,Medium
1831,62,86,9,0,1,Increasing,High,Low,High
1832,45,37,4,5,4,Stable,High,High,High
1833,67,28,6,1,2,Decreasing,Medium,Low,Medium
1834,43,57,5,7,0,Increasing,High,High,Low
1835,65,40,4,4,3,Decreasing,High,Low,High
1836,52,84,1,2,2,Decreasing,High,Low,Medium
1837,95,40,7,1,2,Stable,Medium,Low,Low
1838,31,46,6,7,3,Stable,High,Low,High
1839,94,89,5,6,0,Increasing,Low,High,Medium
1840,96,63,4,8,1,Decreasing,Medium,Low,Low
1841,81,47,4,7,1,Decreasing,Medium,High,Low
1842,91,64,8,10,2,Decreasing,High,High,High
1843,52,36,0,3,3,Increasing,High,High,Low
1844,55,59,8,1,4,Stable,High,Low,Medium
1845,97,22,5,1,0,Stable,High,Low,Low
1846,84,95,3,1,1,Decreasing,High,Low,High
1847,35,95,9,10,0,Increasing,High,Low,Medium
1848,64,85,6,5,0,Decreasing,High,Low,High
1849,51,65,8,6,0,Stable,High,High,High
1850,72,49,4,5,3,Decreasing,Medium,High,High
1851,44,88,4,1,3,Decreasing,High,Low,Low
1852,89,28,7,3,3,Decreasing,Low,Low,Low
1853,41,30,6,2,2,Stable,Medium,Low,Low
1854,78,88,7,10,3,Increasing,Low,High,Medium
1855,71,85,10,3,2,Decreasing,High,High,Low
1856,67,50,9,4,1,Stable,Low,High,Low
1857,74,52,1,6,1,Decreasing,High,High,High
1858,64,58,8,8,1,Increasing,High,High,High
1859,59,65,2,10,1,Decreasing,High,High,Medium
1860,59,56,5,1,1,Increasing,High,Low,High
1861,35,79,5,7,3,Stable,High,High,Low
1862,96,50,1,2,4,Increasing,Low,High,Medium
1863,36,30,6,8,3,Increasing,High,High,High
1864,81,21,8,9,4,Stable,Low,High,Low
1865,43,46,9,3,3,Increasing,High,Low,High
1866,44,21,10,2,1,Increasing,High,Low,High
1867,50,40,0,9,0,Stable,Low,High,High
1868,64,77,7,5,4,Increasing,High,High,Medium
1869,95,24,1,9,0,Increasing,Low,High,High
1870,31,71,0,8,1,Decreasing,High,High,Low
1871,64,64,7,6,4,Increasing,Low,High,Medium
1872,49,39,1,3,0,Increasing,Low,High,Medium
1873,39,80,5,2,3,Increasing,High,Low,High
1874,54,57,5,9,1,Stable,High,High,High
1875,95,39,4,3,3,Increasing,Medium,Low,Low
1876,54,44,7,2,3,Stable,High,High,High
1877,83,21,2,2,1,Stable,Low,High,Low
1878,62,51,9,8,4,Increasing,High,High,High
1879,65,45,3,3,2,Increasing,Medium,High,Medium
1880,43,89,6,8,2,Increasing,Medium,High,Low
1881,94,60,6,9,1,Increasing,Medium,High,Medium
1882,83,86,7,4,2,Increasing,Low,High,Low
1883,81,20,1,6,0,Increasing,Medium,High,High
1884,32,70,10,4,4,Increasing,High,High,Low
1885,70,24,1,0,3,Stable,High,High,High
1886,35,32,3,1,3,Decreasing,Medium,High,High
1887,54,38,9,10,1,Stable,High,Low,High
1888,42,31,8,4,3,Increasing,High,High,High
1889,37,67,9,5,0,Decreasing,High,Low,Low
1890,50,44,8,6,0,Decreasing,High,Low,Medium
1891,97,76,3,1,1,Increasing,Medium,Low,Low
1892,54,54,8,9,3,Increasing,High,High,Low
1893,97,95,2,8,2,Stable,Medium,High,Low
1894,74,24,4,5,2,Decreasing,High,High,High
1895,89,41,9,1,4,Decreasing,Medium,Low,High
1896,41,96,8,1,1,Increasing,High,Low,Medium
1897,61,76,5,2,4,Increasing,Low,Low,Medium
1898,42,66,2,0,2,Decreasing,High,Low,High
1899,60,73,9,8,2,Decreasing,Low,High,High
1900,49,22,8,9,2,Increasing,High,High,Low
1901,47,72,5,10,4,Increasing,Medium,High,Low
1902,89,50,3,3,1,Increasing,Medium,Low,Low
1903,92,88,3,4,0,Stable,Low,High,Low
1904,35,52,7,6,0,Stable,High,High,Low
1905,61,91,6,0,2,Increasing,Low,Low,Medium
1906,72,69,0,2,1,Stable,Medium,Low,Low
1907,31,35,5,2,1,Decreasing,High,Low,High
1908,89,95,7,1,3,Decreasing,Medium,Low,High
1909,52,96,2,7,3,Increasing,Medium,High,High
1910,60,58,8,4,4,Decreasing,High,High,High
1911,34,65,9,0,3,Decreasing,High,Low,Low
1912,63,66,1,1,4,Decreasing,High,High,Low
1913,39,63,5,0,0,Decreasing,Low,Low,Medium
1914,31,28,0,5,2,Decreasing,High,High,High
1915,40,69,10,8,1,Stable,High,High,High
1916,79,96,1,10,0,Stable,Medium,High,Low
1917,60,79,4,6,0,Increasing,High,High,High
1918,85,34,0,4,4,Decreasing,Medium,High,Low
1919,38,55,7,2,2,Stable,High,Low,High
1920,50,82,0,7,4,Stable,Medium,High,Low
1921,57,88,8,9,0,Stable,High,High,High
1922,91,99,9,3,1,Decreasing,High,Low,Medium
1923,36,60,10,8,3,Stable,High,Low,High
1924,45,93,2,4,4,Increasing,High,High,Medium
1925,33,43,1,5,0,Increasing,High,High,High
1926,33,68,0,4,3,Decreasing,High,High,Low
1927,69,37,8,9,3,Increasing,Low,High,High
1928,46,26,3,10,0,Stable,Low,High,Medium
1929,81,23,0,6,2,Decreasing,Medium,High,High
1930,81,88,0,6,0,Increasing,Medium,High,Medium
1931,65,79,6,0,1,Decreasing,High,Low,High
1932,67,74,1,1,3,Stable,Low,Low,Low
1933,79,35,6,6,1,Increasing,High,Low,High
1934,92,48,6,7,4,Stable,Low,High,High
1935,92,42,9,3,3,Increasing,Low,Low,High
1936,91,33,8,5,2,Decreasing,High,High,Low
1937,36,98,6,10,0,Increasing,High,Low,High
1938,56,68,0,9,4,Increasing,High,Low,Low
1939,43,52,7,2,1,Increasing,Medium,Low,Medium
1940,34,44,7,6,4,Decreasing,High,Low,High
1941,84,40,3,10,2,Increasing,Low,High,High
1942,31,36,7,2,0,Stable,Medium,Low,Medium
1943,91,42,3,10,4,Decreasing,Low,Low,Medium
1944,50,76,7,6,1,Decreasing,High,High,High
1945,50,77,4,10,4,Stable,High,High,High
1946,39,33,3,10,0,Decreasing,High,Low,Low
1947,87,39,5,7,4,Increasing,Medium,High,High
1948,68,49,1,2,1,Decreasing,High,High,High
1949,34,38,1,1,0,Stable,High,High,Medium
1950,94,72,1,5,2,Decreasing,Low,High,High
1951,42,75,8,3,2,Stable,Low,Low,Medium
1952,82,96,9,7,3,Decreasing,Low,High,Medium
1953,74,42,2,1,4,Stable,Low,Low,High
1954,61,81,9,3,1,Decreasing,Low,Low,Medium
1955,65,52,3,1,4,Increasing,Low,Low,High
1956,89,37,9,1,0,Stable,Medium,Low,Medium
1957,40,92,7,1,3,Stable,High,Low,Low
1958,92,52,3,0,1,Decreasing,Medium,High,Medium
1959,50,51,10,3,4,Decreasing,High,Low,Low
1960,81,80,9,1,1,Decreasing,Low,Low,Low
1961,84,73,9,8,0,Increasing,Low,Low,Low
1962,55,36,6,8,3,Decreasing,High,High,Low
1963,97,38,4,10,1,Stable,Medium,High,High
1964,63,89,8,10,0,Decreasing,High,High,High
1965,81,53,3,6,2,Increasing,Medium,High,Low
1966,81,44,2,5,1,Decreasing,High,High,High
1967,58,87,1,2,3,Decreasing,High,Low,High
1968,67,93,0,6,1,Stable,Low,High,Medium
1969,71,93,10,0,1,Decreasing,High,Low,Medium
1970,50,30,5,8,0,Increasing,High,Low,Low
1971,71,35,9,3,4,Decreasing,High,Low,Medium
1972,42,80,1,5,4,Decreasing,High,High,Medium
1973,93,99,7,5,1,Stable,Low,Low,Medium
1974,46,26,5,10,3,Decreasing,High,High,High
1975,38,35,4,2,3,Stable,High,Low,High
1976,70,35,1,3,0,Stable,Low,Low,Medium
1977,30,59,6,10,1,Decreasing,High,High,High
1978,31,31,1,9,1,Stable,High,High,High
1979,89,54,4,2,4,Stable,Medium,Low,High
1980,77,40,1,5,0,Decreasing,Low,Low,Low
1981,58,69,10,0,2,Decreasing,High,Low,High
1982,39,62,9,7,3,Increasing,High,Low,High
1983,87,36,10,7,3,Increasing,Low,High,Low
1984,89,51,10,8,1,Stable,Medium,Low,Medium
1985,50,60,1,5,0,Stable,Low,High,Medium
1986,57,25,6,0,2,Decreasing,High,Low,Low
1987,63,46,8,2,3,Increasing,Low,Low,Low
1988,37,39,4,0,0,Increasing,High,Low,Low
1989,88,44,6,4,2,Decreasing,Low,High,High
1990,78,85,3,2,1,Decreasing,Low,Low,Low
1991,46,28,1,1,4,Decreasing,High,Low,High
1992,89,72,2,2,3,Decreasing,Medium,High,Low
1993,74,80,1,8,3,Increasing,Medium,High,Low
1994,98,57,4,10,2,Decreasing,Low,High,Medium
1995,61,22,5,7,4,Decreasing,Low,Low,Medium
1996,73,89,6,2,0,Increasing,High,Low,Low
1997,94,74,2,10,1,Decreasing,Medium,High,High
1998,37,20,3,1,0,Increasing,High,Low,Medium
1999,72,89,7,4,2,Increasing,Medium,High,Low
2000,30,64,3,0,3,Decreasing,High,Low,High
2001,80,66,6,3,3,Decreasing,High,Low,Low
2002,53,98,5,7,0,Stable,High,High,Low
2003,53,45,6,0,1,Stable,High,High,Low
2004,46,33,0,4,2,Increasing,High,High,High
2005,34,73,2,3,1,Increasing,High,High,High
2006,49,90,5,5,2,Stable,High,High,Low
2007,50,65,2,6,1,Increasing,High,High,High
2008,87,50,6,8,0,Stable,Low,Low,Low
2009,60,78,8,0,4,Decreasing,High,Low,Low
2010,40,48,2,10,2,Decreasing,High,High,High
2011,81,36,0,9,0,Decreasing,Low,High,Low
2012,44,33,9,3,3,Increasing,Low,Low,High
2013,36,55,5,5,3,Decreasing,High,High,High
2014,57,77,0,9,1,Increasing,Low,High,Medium
2015,80,43,0,6,3,Decreasing,High,High,Medium
2016,87,82,7,6,4,Increasing,Medium,High,Low
2017,34,44,8,7,2,Increasing,High,High,High
2018,34,78,1,9,1,Stable,Medium,High,Medium
2019,37,51,8,7,2,Stable,High,High,High
2020,93,37,4,7,2,Stable,Low,High,High
2021,39,56,7,7,0,Increasing,Low,High,Medium
2022,67,45,6,7,3,Stable,Medium,High,Low
2023,37,28,6,5,2,Stable,High,High,Low
2024,54,83,3,8,4,Stable,High,High,High
2025,95,91,1,2,4,Increasing,Medium,Low,Low
2026,79,39,4,5,3,Increasing,Medium,High,Medium
2027,96,73,10,4,3,Stable,Medium,Low,Low
2028,78,49,10,7,1,Stable,Low,High,High
2029,65,72,2,3,1,Increasing,High,High,Low
2030,97,82,8,3,1,Increasing,Low,Low,Low
2031,70,30,5,9,3,Stable,Medium,High,Low
2032,91,50,0,10,2,Stable,Low,High,Medium
2033,39,68,2,9,0,Stable,High,High,High
2034,50,38,3,4,1,Increasing,Low,High,Low
2035,65,31,8,10,0,Stable,High,High,High
2036,41,34,10,5,4,Increasing,High,Low,High
2037,31,50,5,10,3,Decreasing,High,High,High
2038,42,62,3,3,4,Stable,High,Low,High
2039,82,56,0,1,1,Decreasing,Medium,Low,Medium
2040,61,98,7,1,2,Increasing,High,Low,High
2041,45,48,10,2,1,Decreasing,High,Low,High
2042,61,45,1,1,0,Stable,Low,Low,Medium
2043,61,21,10,0,1,Decreasing,High,Low,High
2044,40,34,10,7,2,Decreasing,Low,High,Low
2045,39,23,7,4,2,Decreasing,High,High,High
2046,44,69,5,9,3,Increasing,High,Low,Low
2047,46,57,7,0,3,Stable,High,Low,High
2048,69,42,5,8,2,Increasing,Low,Low,Low
2049,47,78,4,7,2,Decreasing,High,High,Low
2050,84,94,4,3,0,Decreasing,Low,Low,Medium
2051,54,47,9,7,1,Increasing,High,High,High
2052,88,85,9,9,3,Increasing,Medium,High,Low
2053,51,27,10,6,0,Decreasing,High,High,Low
2054,59,48,7,10,1,Stable,High,High,High
2055,73,30,6,10,3,Increasing,Low,High,Low
2056,61,37,7,6,0,Decreasing,Low,High,Medium
2057,80,74,7,0,4,Decreasing,Medium,Low,Low
2058,75,69,6,5,4,Stable,Low,High,Medium
2059,50,33,1,3,3,Decreasing,High,Low,High
2060,61,93,10,9,0,Increasing,High,High,High
2061,68,28,8,9,1,Decreasing,High,High,High
2062,41,30,6,9,1,Decreasing,High,High,Low
2063,76,82,10,10,0,Decreasing,Low,High,Low
2064,47,95,5,1,4,Decreasing,High,Low,Low
2065,50,86,8,9,0,Stable,Low,Low,Low
2066,42,72,0,6,4,Increasing,High,High,High
2067,50,58,10,8,4,Decreasing,High,High,High
2068,37,97,1,4,1,Increasing,High,High,Low
2069,75,75,0,7,3,Stable,Low,High,Medium
2070,36,47,9,4,2,Increasing,High,High,Medium
2071,52,94,2,6,0,Stable,High,High,Medium
2072,51,58,10,6,4,Increasing,High,High,Low
2073,51,44,4,8,0,Increasing,High,High,High
2074,58,40,0,2,3,Decreasing,High,Low,Low
2075,42,29,3,0,3,Increasing,High,High,Low
2076,31,62,7,1,2,Decreasing,High,Low,Low
2077,58,34,5,5,2,Decreasing,High,Low,High
2078,81,67,0,9,4,Increasing,Medium,High,High
2079,56,40,0,9,2,Decreasing,High,High,High
2080,79,79,2,8,4,Increasing,Medium,High,Low
2081,52,69,9,2,1,Decreasing,High,Low,High
2082,73,42,7,9,4,Decreasing,Low,High,Low
2083,51,32,10,1,2,Stable,High,High,Low
2084,72,88,10,10,0,Stable,Medium,High,Low
2085,66,23,7,0,2,Increasing,High,High,High
2086,90,97,2,1,3,Decreasing,Low,Low,Low
2087,85,91,6,2,2,Stable,High,Low,Low
2088,32,28,2,6,1,Stable,High,High,Low
2089,92,54,3,1,4,Stable,Low,Low,High
2090,48,40,8,4,3,Decreasing,High,High,High
2091,52,77,3,1,4,Increasing,High,Low,Medium
2092,58,37,2,6,4,Decreasing,Low,Low,Medium
2093,59,91,4,9,2,Decreasing,High,Low,High
2094,68,62,6,7,0,Stable,Low,High,Low
2095,54,25,4,7,3,Decreasing,High,High,High
2096,37,97,3,7,1,Decreasing,High,High,High
2097,87,86,7,9,1,Stable,High,High,High
2098,45,31,3,8,0,Stable,High,High,Low
2099,30,31,1,0,0,Decreasing,High,Low,Medium
2100,34,85,9,0,2,Stable,Medium,Low,Medium
2101,32,21,5,9,1,Increasing,High,High,High
2102,94,34,1,1,3,Increasing,Low,Low,Low
2103,33,42,2,10,0,Increasing,High,High,High
2104,93,48,0,5,0,Increasing,Medium,Low,High
2105,39,26,4,0,0,Increasing,Low,High,High
2106,50,47,8,4,3,Stable,High,Low,High
2107,75,33,1,4,1,Stable,Medium,High,Medium
2108,56,63,6,3,3,Increasing,High,Low,Low
2109,95,49,4,10,3,Increasing,Medium,High,Low
2110,70,51,1,4,2,Increasing,High,High,High
2111,42,89,7,0,0,Stable,High,Low,Medium
2112,38,25,10,10,1,Stable,High,High,High
2113,65,46,5,10,2,Decreasing,Low,Low,High
2114,87,43,3,5,2,Decreasing,High,High,High
2115,83,53,3,6,4,Decreasing,High,High,Medium
2116,41,59,1,7,0,Decreasing,High,High,High
2117,43,66,2,1,1,Stable,Medium,Low,Low
2118,63,98,6,6,1,Stable,Low,High,Medium
2119,82,94,2,5,1,Stable,Low,High,Medium
2120,49,43,4,8,0,Stable,High,High,High
2121,45,84,9,7,1,Increasing,High,High,Medium
2122,99,37,5,10,3,Decreasing,Low,High,Low
2123,85,63,5,3,3,Stable,Low,Low,Low
2124,87,95,3,8,0,Stable,Low,High,Medium
2125,33,76,5,0,1,Decreasing,High,Low,Low
2126,33,47,2,10,4,Stable,High,High,High
2127,49,90,6,5,4,Increasing,Medium,High,Low
2128,39,42,6,7,4,Stable,High,High,Low
2129,53,53,3,10,3,Decreasing,High,High,Medium
2130,55,30,1,10,4,Increasing,Low,High,High
2131,66,54,10,3,1,Increasing,Low,Low,Low
2132,83,61,6,1,1,Decreasing,Medium,Low,Low
2133,50,47,2,10,4,Decreasing,High,High,High
2134,67,97,0,1,2,Increasing,High,Low,Medium
2135,75,43,1,9,4,Stable,Low,High,High
2136,33,27,9,0,2,Decreasing,High,Low,High
2137,89,72,8,4,0,Increasing,Medium,Low,Medium
2138,86,91,7,5,0,Decreasing,Medium,High,Medium
2139,74,23,5,3,1,Stable,High,Low,High
2140,49,24,5,3,3,Stable,Low,Low,Medium
2141,46,68,0,4,1,Increasing,Medium,High,Low
2142,33,49,1,4,1,Stable,High,High,High
2143,43,91,3,8,3,Stable,Low,Low,Low
2144,32,82,2,7,1,Stable,High,High,High
2145,87,66,0,8,3,Decreasing,Low,High,Low
2146,84,45,7,2,1,Increasing,Low,Low,Medium
2147,33,76,6,2,0,Increasing,Medium,High,Medium
2148,53,56,3,0,2,Increasing,High,High,High
2149,63,26,8,9,1,Stable,Medium,Low,Low
2150,59,59,10,5,2,Decreasing,High,High,Low
2151,48,58,3,3,4,Increasing,High,High,Low
2152,60,81,0,10,1,Decreasing,High,High,Medium
2153,89,97,9,7,0,Increasing,Medium,Low,High
2154,89,72,0,1,3,Stable,Medium,High,Medium
2155,48,23,0,10,0,Increasing,High,High,High
2156,78,44,0,1,2,Increasing,Low,Low,High
2157,92,26,3,6,3,Stable,Medium,High,High
2158,51,47,0,4,0,Stable,High,High,High
2159,53,88,1,0,0,Increasing,Low,Low,Medium
2160,59,86,3,6,0,Decreasing,High,High,Medium
2161,87,39,6,6,3,Stable,Medium,High,Low
2162,60,30,1,9,0,Increasing,Medium,High,Medium
2163,93,86,7,5,0,Stable,Low,High,Low
2164,48,26,6,3,2,Decreasing,High,Low,High
2165,77,42,8,7,0,Increasing,Medium,Low,High
2166,74,80,5,10,0,Increasing,Low,Low,Low
2167,84,90,3,1,4,Decreasing,Low,High,Low
2168,84,53,5,1,3,Decreasing,Low,Low,Low
2169,47,38,3,1,4,Increasing,High,High,Low
2170,92,77,6,2,2,Decreasing,High,Low,Low
2171,76,28,8,5,4,Decreasing,Medium,Low,Low
2172,86,67,2,0,1,Increasing,Medium,Low,Low
2173,74,60,2,10,3,Stable,High,High,Low
2174,62,67,1,1,0,Decreasing,High,Low,High
2175,46,64,0,9,4,Stable,High,Low,Low
2176,99,44,0,1,4,Stable,High,Low,High
2177,33,97,2,0,0,Stable,High,Low,Low
2178,49,44,6,2,0,Decreasing,High,Low,High
2179,76,38,10,9,2,Increasing,Medium,Low,Medium
2180,44,58,8,6,4,Increasing,High,High,Low
2181,99,98,1,0,4,Increasing,Low,Low,High
2182,76,99,6,6,1,Increasing,Low,Low,Low
2183,38,46,0,4,1,Increasing,Low,High,Medium
2184,45,93,1,8,4,Increasing,High,High,High
2185,98,82,5,1,1,Stable,Low,Low,Low
2186,90,87,10,0,4,Stable,Medium,Low,High
2187,39,38,4,8,3,Stable,High,High,Low
2188,79,47,7,7,2,Decreasing,Medium,Low,High
2189,32,97,10,9,1,Decreasing,High,High,Low
2190,99,52,1,5,4,Decreasing,Medium,High,Low
2191,80,29,0,4,1,Increasing,Low,High,Low
2192,48,49,6,7,2,Stable,High,Low,Low
2193,71,41,5,7,3,Decreasing,High,High,High
2194,64,22,7,4,0,Stable,High,High,Low
2195,75,94,10,6,0,Increasing,Low,High,Low
2196,55,67,7,0,1,Stable,High,Low,High
2197,98,21,1,3,4,Increasing,Medium,High,High
2198,93,95,7,1,2,Decreasing,Low,Low,Low
2199,66,73,5,9,3,Increasing,Low,High,Low
2200,78,25,8,2,3,Increasing,Medium,Low,High
2201,50,59,6,0,3,Stable,High,Low,High
2202,93,21,1,10,0,Increasing,Medium,High,High
2203,34,92,7,10,2,Decreasing,High,High,High
2204,99,21,8,1,0,Decreasing,High,Low,High
2205,33,93,6,0,1,Increasing,High,Low,Medium
2206,68,74,3,7,3,Stable,Low,High,Medium
2207,64,91,8,3,2,Decreasing,High,Low,Low
2208,30,79,3,2,3,Decreasing,High,Low,Low
2209,53,25,3,0,0,Increasing,High,High,High
2210,86,38,8,1,0,Increasing,Medium,High,High
2211,99,46,7,2,0,Decreasing,Medium,High,Low
2212,70,20,3,2,3,Increasing,Medium,Low,Low
2213,83,52,7,5,2,Increasing,Medium,High,Low
2214,75,59,7,9,2,Decreasing,Low,Low,Low
2215,89,51,6,7,1,Stable,Low,High,Medium
2216,89,88,9,5,3,Stable,Low,Low,Medium
2217,86,36,5,1,1,Decreasing,Medium,Low,Low
2218,60,27,7,1,1,Increasing,High,Low,High
2219,53,76,6,6,1,Decreasing,High,Low,Medium
2220,65,61,4,0,1,Decreasing,High,Low,High
2221,59,28,3,0,0,Increasing,High,Low,Medium
2222,53,54,1,6,1,Stable,High,High,Medium
2223,59,90,10,8,2,Stable,High,Low,Medium
2224,36,98,7,4,1,Increasing,High,High,Medium
2225,64,72,8,10,0,Decreasing,Low,High,Low
2226,84,73,3,0,4,Increasing,Low,High,Low
2227,43,44,3,4,4,Decreasing,High,High,High
2228,39,86,4,10,4,Increasing,High,High,Low
2229,45,81,1,0,3,Increasing,High,Low,High
2230,83,74,6,9,2,Stable,Medium,High,Medium
2231,99,65,4,8,0,Stable,Low,High,High
2232,73,43,5,3,4,Increasing,High,High,High
2233,74,65,3,8,0,Increasing,Medium,High,High
2234,85,41,7,1,0,Stable,Medium,High,Medium
2235,86,30,7,6,3,Decreasing,Medium,Low,Medium
2236,50,67,4,1,4,Stable,High,Low,Low
2237,97,27,5,3,1,Decreasing,Low,Low,Low
2238,79,58,2,5,0,Stable,Medium,High,High
2239,62,54,0,1,4,Stable,Low,Low,Low
2240,36,68,8,1,0,Decreasing,High,Low,Medium
2241,99,65,8,1,3,Increasing,Low,Low,Low
2242,44,57,2,2,3,Stable,High,Low,High
2243,61,27,3,4,1,Stable,Medium,High,High
2244,49,73,6,8,3,Stable,Low,High,Low
2245,44,56,1,5,4,Increasing,High,High,High
2246,77,59,2,8,3,Stable,Low,High,Low
2247,50,53,5,9,1,Increasing,Low,High,High
2248,71,98,10,4,2,Stable,Low,High,Low
2249,55,36,7,10,0,Decreasing,High,Low,Medium
2250,43,52,0,5,0,Stable,Low,High,Medium
2251,86,66,3,9,4,Stable,Medium,High,Low
2252,66,71,0,7,1,Increasing,Low,High,Low
2253,87,99,1,2,1,Increasing,Medium,Low,Low
2254,50,28,7,1,1,Increasing,High,Low,High
2255,98,52,5,2,0,Decreasing,Medium,Low,Medium
2256,32,79,8,8,3,Decreasing,High,High,High
2257,66,96,1,5,0,Increasing,Medium,High,Medium
2258,78,40,2,9,0,Decreasing,High,High,Low
2259,48,77,8,3,0,Increasing,High,Low,Medium
2260,41,88,8,9,3,Decreasing,High,Low,Low
2261,90,29,5,2,2,Increasing,Low,High,Medium
2262,70,25,2,1,4,Increasing,High,Low,Medium
2263,62,32,4,3,2,Decreasing,Medium,Low,Medium
2264,79,84,1,8,2,Stable,Low,High,Medium
2265,97,39,6,3,0,Increasing,Medium,Low,Medium
2266,62,76,9,4,2,Increasing,Low,Low,High
2267,53,65,10,7,0,Stable,Medium,High,Low
2268,90,27,7,1,0,Increasing,Medium,Low,Low
2269,90,29,5,10,4,Increasing,Low,Low,Low
2270,57,92,7,2,1,Decreasing,High,Low,Medium
2271,87,86,1,5,0,Stable,Medium,High,Medium
2272,72,30,2,6,2,Increasing,Low,High,Medium
2273,70,31,6,3,4,Increasing,Low,Low,High
2274,68,29,9,0,2,Stable,Medium,Low,High
2275,78,44,0,6,1,Stable,Low,High,Low
2276,46,68,6,8,3,Decreasing,High,High,High
2277,99,68,5,0,1,Decreasing,Low,Low,Medium
2278,99,30,7,0,4,Decreasing,Low,Low,Low
2279,94,81,6,0,1,Increasing,Low,Low,Medium
2280,34,55,3,9,1,Stable,High,High,Medium
2281,31,58,2,6,4,Decreasing,High,Low,Low
2282,51,72,2,10,4,Stable,High,High,High
2283,86,97,3,8,2,Increasing,Low,Low,Low
2284,95,75,8,2,0,Increasing,Low,Low,Medium
2285,45,20,8,7,3,Stable,Medium,Low,Low
2286,80,75,1,8,3,Stable,Medium,High,High
2287,68,23,4,2,3,Decreasing,Low,High,High
2288,69,49,0,2,1,Stable,High,Low,Low
2289,67,31,3,0,4,Decreasing,High,Low,High
2290,89,54,1,1,4,Stable,Medium,Low,Low
2291,88,96,7,6,4,Stable,Low,High,Medium
2292,39,71,3,2,0,Stable,Low,Low,Low
2293,93,50,4,6,4,Increasing,Medium,High,High
2294,92,87,10,4,4,Increasing,Medium,Low,Low
2295,78,71,3,9,1,Increasing,Low,High,Medium
2296,93,99,4,7,2,Decreasing,Medium,High,High
2297,61,26,4,4,3,Decreasing,High,High,Low
2298,36,41,4,2,1,Increasing,High,Low,Low
2299,50,94,10,8,1,Increasing,High,High,Low
2300,49,75,2,6,1,Stable,Low,High,Medium
2301,55,77,6,4,3,Stable,High,High,Low
2302,97,83,2,6,1,Decreasing,High,High,Medium
2303,44,31,1,10,2,Decreasing,High,High,Low
2304,43,26,2,9,4,Stable,High,High,High
2305,56,74,10,8,2,Decreasing,High,Low,Medium
2306,69,81,2,4,4,Increasing,Low,High,Low
2307,87,92,7,6,4,Stable,Low,Low,Low
2308,57,96,3,10,1,Stable,Low,High,Low
2309,55,74,2,8,1,Decreasing,High,Low,Low
2310,92,55,9,0,3,Stable,Medium,Low,Low
2311,95,43,4,3,0,Stable,Medium,High,High
2312,54,63,3,0,2,Increasing,High,Low,Low
2313,32,36,8,7,3,Stable,High,Low,Low
2314,73,21,7,2,3,Stable,Medium,Low,High
2315,71,32,10,1,2,Stable,Medium,Low,Low
2316,35,50,6,3,2,Stable,High,Low,Low
2317,68,47,7,10,4,Increasing,Medium,High,Low
2318,81,79,4,2,0,Stable,Medium,Low,Medium
2319,52,46,3,10,1,Increasing,High,High,High
2320,79,34,6,4,0,Increasing,Medium,High,Low
2321,72,98,0,7,0,Increasing,High,High,High
2322,48,52,5,9,1,Decreasing,High,High,Low
2323,98,39,7,7,0,Decreasing,Medium,High,Low
2324,80,61,6,10,3,Stable,Low,Low,Low
2325,40,31,1,6,3,Increasing,High,High,Low
2326,41,92,6,7,1,Decreasing,High,High,Medium
2327,37,42,5,4,1,Stable,High,High,High
2328,53,91,4,9,2,Decreasing,High,Low,High
2329,70,33,3,9,2,Increasing,Medium,High,Low
2330,65,44,0,10,0,Stable,Medium,High,High
2331,84,96,1,10,0,Increasing,Medium,High,Low
2332,38,50,6,5,1,Increasing,High,Low,High
2333,76,73,9,7,0,Decreasing,Low,High,Low
2334,44,24,2,0,4,Stable,High,High,High
2335,77,32,4,5,3,Stable,Low,High,Medium
2336,71,47,7,5,0,Stable,Low,Low,Low
2337,89,62,7,10,0,Decreasing,High,High,Low
2338,99,66,5,4,2,Stable,Medium,High,Medium
2339,41,90,4,3,4,Decreasing,High,Low,Low
2340,31,57,1,0,0,Stable,High,Low,Medium
2341,36,86,8,10,3,Decreasing,High,Low,High
2342,32,81,0,9,0,Stable,High,High,Medium
2343,32,58,10,10,1,Decreasing,High,High,Low
2344,56,56,1,7,4,Increasing,High,High,High
2345,69,27,0,5,0,Increasing,Medium,High,Low
2346,62,71,3,2,4,Increasing,High,Low,High
2347,30,52,3,2,0,Stable,High,Low,High
2348,37,61,4,5,3,Decreasing,High,Low,High
2349,61,95,4,6,3,Increasing,High,High,Low
2350,77,46,7,7,4,Stable,High,High,Low
2351,33,27,10,4,2,Decreasing,High,High,High
2352,99,42,10,9,2,Increasing,Medium,High,High
2353,48,83,2,5,1,Increasing,Medium,High,Medium
2354,61,39,5,0,2,Stable,High,Low,Low
2355,38,35,2,5,4,Decreasing,High,High,High
2356,41,36,1,8,2,Stable,High,High,High
2357,40,99,7,9,1,Increasing,High,Low,Medium
2358,75,38,0,3,0,Stable,High,Low,Low
2359,45,27,8,9,2,Stable,Medium,High,High
2360,30,57,10,0,4,Increasing,Medium,High,High
2361,92,57,6,10,4,Increasing,Medium,High,Low
2362,50,72,9,8,1,Decreasing,High,High,Medium
2363,59,50,10,3,1,Decreasing,High,Low,Low
2364,42,63,3,1,3,Increasing,Low,Low,High
2365,63,79,2,0,3,Increasing,Medium,Low,Medium
2366,33,95,5,2,3,Decreasing,High,Low,High
2367,57,36,8,6,0,Stable,High,High,Low
2368,88,98,8,10,4,Increasing,Medium,High,High
2369,56,92,3,9,3,Increasing,High,High,High
2370,98,58,9,1,4,Stable,Medium,Low,Medium
2371,54,61,4,8,1,Decreasing,High,High,High
2372,32,67,10,10,0,Decreasing,High,High,Medium
2373,97,31,8,1,1,Stable,Low,Low,Low
2374,54,37,1,4,4,Increasing,High,High,High
2375,49,98,1,7,3,Stable,High,High,High
2376,63,25,4,9,1,Increasing,Low,High,Medium
2377,55,62,0,7,2,Decreasing,High,High,High
2378,34,54,7,2,0,Increasing,High,Low,High
2379,90,73,4,1,4,Increasing,Low,High,High
2380,38,81,9,8,3,Increasing,High,Low,High
2381,79,88,1,2,1,Increasing,Low,Low,Low
2382,35,35,8,7,0,Increasing,High,High,Medium
2383,89,27,1,1,3,Decreasing,High,High,High
2384,73,50,6,2,1,Stable,Medium,Low,Low
2385,40,29,7,0,4,Decreasing,High,Low,Low
2386,95,75,5,10,2,Increasing,Medium,High,Medium
2387,76,95,10,5,2,Stable,Low,Low,Medium
2388,32,89,6,6,4,Increasing,High,Low,Low
2389,59,39,10,3,0,Decreasing,High,Low,Low
2390,50,24,0,0,4,Decreasing,High,Low,Low
2391,57,42,3,2,1,Increasing,High,Low,Medium
2392,91,28,6,8,0,Increasing,Medium,High,Medium
2393,62,77,0,4,2,Stable,Medium,High,Medium
2394,64,78,0,5,1,Stable,High,Low,Low
2395,81,99,10,3,3,Increasing,Low,Low,Medium
2396,63,73,5,0,3,Stable,High,Low,Low
2397,70,65,3,4,3,Increasing,Low,High,Low
2398,80,41,2,4,2,Increasing,Medium,Low,Medium
2399,76,83,4,4,4,Increasing,Medium,High,High
2400,87,27,8,5,0,Decreasing,Medium,Low,Low
2401,86,39,9,10,2,Increasing,Medium,High,High
2402,52,70,9,1,1,Increasing,High,Low,Low
2403,77,97,10,0,1,Increasing,Medium,Low,Low
2404,51,58,9,1,3,Stable,High,Low,High
2405,46,56,2,9,0,Increasing,High,High,Medium
2406,98,69,4,5,3,Decreasing,Low,High,Low
2407,40,53,9,4,1,Decreasing,High,High,High
2408,44,94,4,4,1,Increasing,High,High,High
2409,64,52,8,5,4,Increasing,Low,High,Medium
2410,62,50,10,9,4,Increasing,Low,Low,Low
2411,45,73,9,6,4,Decreasing,Low,High,High
2412,63,63,10,8,3,Stable,High,High,Low
2413,95,53,3,6,0,Stable,Low,High,Medium
2414,69,90,0,1,4,Increasing,Low,Low,High
2415,57,81,9,5,2,Stable,High,High,High
2416,76,42,4,8,4,Decreasing,Medium,Low,High
2417,68,65,0,6,3,Increasing,Low,High,Low
2418,99,75,5,1,0,Stable,Low,Low,Low
2419,49,26,9,2,4,Increasing,High,Low,High
2420,30,80,9,7,0,Increasing,High,High,Medium
2421,92,22,6,10,2,Decreasing,Low,High,Low
2422,96,57,0,8,1,Decreasing,High,Low,Medium
2423,33,53,9,3,0,Stable,High,Low,Medium
2424,87,63,3,8,4,Decreasing,Low,High,High
2425,54,49,8,1,3,Increasing,Medium,Low,Low
2426,76,36,0,10,3,Decreasing,Low,High,High
2427,67,78,8,4,3,Stable,Medium,High,Low
2428,44,29,7,10,3,Stable,High,High,High
2429,92,37,4,1,0,Stable,Low,Low,High
2430,50,64,5,10,3,Decreasing,High,High,High
2431,86,78,6,0,1,Decreasing,Low,Low,Low
2432,82,81,3,4,2,Decreasing,Medium,High,Low
2433,75,78,5,1,0,Decreasing,Medium,Low,Low
2434,43,68,6,6,0,Decreasing,High,Low,High
2435,46,82,10,7,3,Stable,High,High,High
2436,68,51,5,1,3,Stable,Medium,Low,Medium
2437,38,29,10,6,0,Decreasing,High,High,High
2438,35,30,5,3,3,Increasing,High,Low,Low
2439,52,89,1,0,3,Stable,High,Low,High
2440,88,81,4,10,3,Increasing,Low,High,Low
2441,75,66,2,2,3,Increasing,Medium,Low,High
2442,67,53,6,10,3,Stable,Medium,Low,Medium
2443,43,36,3,0,4,Increasing,High,Low,Low
2444,91,73,0,4,4,Increasing,Medium,High,High
2445,64,95,5,7,4,Stable,High,High,High
2446,48,59,5,0,0,Stable,High,Low,Medium
2447,59,38,6,8,2,Decreasing,High,Low,Low
2448,54,86,10,2,0,Stable,High,Low,Medium
2449,69,72,7,4,4,Increasing,High,High,High
2450,43,83,2,8,0,Stable,Low,High,Low
2451,55,66,5,4,2,Decreasing,High,High,High
2452,51,25,9,8,3,Stable,High,High,High
2453,77,35,1,9,1,Increasing,Medium,High,Medium
2454,80,91,8,7,4,Stable,Low,Low,Medium
2455,32,37,1,6,4,Increasing,High,High,High
2456,71,71,2,10,2,Stable,High,High,Low
2457,48,67,9,0,3,Decreasing,High,Low,High
2458,57,62,1,3,3,Decreasing,Low,Low,Medium
2459,74,58,8,8,1,Stable,Low,Low,High
2460,92,68,0,9,3,Increasing,Medium,High,Medium
2461,48,31,4,7,2,Decreasing,High,High,High
2462,76,29,0,3,3,Increasing,Low,High,High
2463,43,90,4,0,2,Stable,High,Low,High
2464,67,74,7,9,4,Decreasing,Medium,High,High
2465,82,20,7,3,4,Decreasing,Medium,Low,High
2466,90,68,10,2,4,Increasing,Low,Low,Medium
2467,65,55,7,5,0,Decreasing,High,Low,Medium
2468,69,40,1,10,4,Increasing,Low,High,High
2469,59,56,7,4,2,Increasing,High,High,High
2470,38,43,4,4,1,Stable,High,High,Medium
2471,93,74,0,1,3,Increasing,Medium,Low,Low
2472,62,44,6,2,4,Decreasing,Low,Low,Medium
2473,81,26,5,10,0,Increasing,Medium,High,Low
2474,43,90,4,5,0,Decreasing,High,High,Low
2475,82,90,0,1,2,Increasing,Low,Low,High
2476,88,43,0,3,1,Stable,Low,Low,Medium
2477,70,30,5,1,4,Stable,Low,Low,Low
2478,97,92,9,8,4,Increasing,Medium,Low,High
2479,97,31,6,2,0,Increasing,Medium,Low,Medium
2480,37,54,9,9,2,Increasing,High,Low,Low
2481,31,82,9,9,0,Stable,High,High,Low
2482,70,87,0,5,0,Increasing,Low,High,High
2483,84,76,8,0,1,Increasing,Medium,Low,Low
2484,45,32,3,10,2,Decreasing,High,High,High
2485,91,42,4,9,1,Stable,Medium,High,Low
2486,77,58,1,2,2,Stable,Medium,Low,High
2487,59,99,9,7,4,Increasing,High,High,High
2488,41,31,7,4,3,Increasing,High,High,Low
2489,64,53,1,7,3,Decreasing,Low,High,High
2490,40,90,2,1,2,Increasing,High,High,High
2491,93,94,8,6,3,Stable,Medium,High,High
2492,79,50,1,8,0,Decreasing,High,High,Medium
2493,50,81,5,6,4,Stable,High,Low,Low
2494,98,32,3,2,4,Increasing,Medium,High,High
2495,77,50,6,6,3,Decreasing,Medium,High,High
2496,49,21,5,7,2,Stable,High,Low,Medium
2497,96,34,9,0,0,Stable,Medium,High,High
2498,73,76,8,2,2,Stable,Low,Low,Medium
2499,62,94,8,4,3,Increasing,Low,High,Medium
2500,90,53,9,5,4,Increasing,Low,High,Medium
2501,38,87,3,2,4,Increasing,High,Low,High
2502,97,94,0,3,2,Increasing,Low,High,High
2503,64,48,1,4,1,Stable,High,High,Low
2504,94,85,7,2,2,Decreasing,Medium,Low,High
2505,37,35,9,3,1,Increasing,High,Low,Low
2506,74,58,7,4,2,Decreasing,Medium,Low,Low
2507,76,96,1,1,1,Stable,Medium,Low,Medium
2508,69,56,3,9,1,Increasing,Medium,High,Low
2509,83,40,0,8,1,Stable,Medium,High,High
2510,75,63,6,9,1,Increasing,Low,High,Low
2511,76,38,3,7,0,Increasing,Medium,High,High
2512,44,90,10,5,1,Decreasing,High,Low,High
2513,48,27,7,9,1,Stable,Low,High,Low
2514,55,96,8,10,4,Stable,High,High,Low
2515,81,85,8,2,0,Stable,Medium,Low,Medium
2516,51,60,2,10,1,Decreasing,High,High,Medium
2517,50,94,4,1,3,Decreasing,High,High,Low
2518,80,89,5,6,0,Stable,Low,Low,Low
2519,67,80,5,7,4,Stable,Low,High,High
2520,49,45,9,9,2,Increasing,High,High,High
2521,58,90,7,0,4,Increasing,Medium,Low,Low
2522,80,89,5,5,4,Decreasing,High,High,Low
2523,33,48,5,6,0,Increasing,Medium,High,Low
2524,84,85,3,8,0,Stable,Medium,Low,Medium
2525,57,38,6,2,3,Stable,High,Low,Low
2526,33,87,7,1,3,Increasing,Medium,Low,High
2527,51,77,2,4,0,Increasing,High,High,Low
2528,74,89,6,9,0,Decreasing,Low,Low,Low
2529,96,76,2,0,0,Increasing,Medium,Low,Medium
2530,95,56,7,5,2,Decreasing,Medium,High,Low
2531,63,80,0,8,4,Increasing,Low,High,High
2532,84,49,0,9,3,Increasing,High,High,High
2533,30,90,5,8,3,Increasing,High,High,High
2534,67,92,9,6,1,Increasing,High,High,Low
2535,35,44,8,10,2,Stable,Low,Low,High
2536,54,84,3,6,0,Stable,High,High,High
2537,46,25,5,7,0,Stable,High,Low,High
2538,90,37,4,9,2,Increasing,Medium,High,Medium
2539,41,29,0,1,3,Decreasing,High,Low,High
2540,35,30,5,5,0,Increasing,High,High,Low
2541,56,84,8,4,1,Stable,Low,Low,Low
2542,37,96,2,4,3,Decreasing,High,High,High
2543,94,84,10,2,4,Decreasing,Medium,Low,Low
2544,86,71,2,2,2,Stable,Medium,Low,Medium
2545,69,86,1,5,3,Increasing,Low,High,Medium
2546,43,97,3,9,4,Decreasing,High,High,High
2547,64,50,9,9,1,Decreasing,Low,Low,Medium
2548,77,36,2,6,2,Stable,High,High,Low
2549,85,74,1,0,0,Decreasing,Low,Low,Low
2550,78,55,0,2,0,Decreasing,Low,Low,Low
2551,42,45,2,0,4,Decreasing,High,High,Low
2552,90,72,9,9,3,Increasing,Low,Low,High
2553,78,36,5,2,1,Increasing,Medium,Low,High
2554,75,44,8,4,4,Stable,Medium,High,High
2555,91,21,10,8,1,Increasing,Low,Low,Low
2556,37,24,4,2,1,Decreasing,High,High,High
2557,72,23,2,9,1,Increasing,Low,High,Low
2558,49,55,4,9,2,Decreasing,High,High,Low
2559,68,25,4,8,4,Decreasing,High,High,Medium
2560,78,40,4,0,2,Increasing,Low,High,High
2561,93,96,6,5,3,Increasing,Low,High,High
2562,91,45,4,8,3,Increasing,Medium,High,High
2563,83,74,6,4,0,Increasing,Medium,High,Low
2564,38,58,8,10,0,Stable,Medium,Low,Medium
2565,66,52,4,9,0,Increasing,Low,Low,Low
2566,78,33,1,1,3,Stable,Low,Low,Low
2567,70,75,4,4,1,Decreasing,Medium,High,Medium
2568,46,40,7,0,1,Stable,High,Low,High
2569,50,65,3,8,4,Decreasing,High,High,High
2570,80,35,1,9,3,Stable,High,High,High
2571,88,35,9,9,0,Stable,Medium,High,Low
2572,68,48,2,8,3,Decreasing,High,High,High
2573,84,27,8,5,1,Stable,Medium,High,High
2574,70,22,8,10,1,Decreasing,Medium,High,High
2575,68,38,7,8,2,Increasing,High,High,High
2576,42,85,7,2,2,Decreasing,High,Low,High
2577,93,98,7,3,4,Stable,Medium,Low,Low
2578,40,93,7,5,3,Increasing,High,High,High
2579,48,41,7,3,2,Stable,High,Low,Low
2580,40,65,0,0,2,Increasing,High,Low,High
2581,75,32,5,6,3,Decreasing,Low,Low,Medium
2582,74,52,8,4,1,Increasing,Medium,Low,Low
2583,30,24,7,7,4,Increasing,High,High,High
2584,69,96,2,8,4,Increasing,Low,High,High
2585,48,46,10,4,4,Stable,High,Low,Medium
2586,90,97,0,7,2,Increasing,Medium,High,Low
2587,41,43,1,0,1,Decreasing,High,High,High
2588,90,86,10,0,4,Decreasing,Low,Low,Medium
2589,62,82,1,6,3,Decreasing,Low,High,High
2590,74,67,6,5,4,Increasing,High,High,High
2591,98,82,5,4,0,Decreasing,Low,High,Medium
2592,37,97,10,4,1,Stable,High,Low,Low
2593,54,31,1,8,0,Decreasing,High,High,Low
2594,75,47,7,0,1,Increasing,Medium,Low,High
2595,59,63,8,7,3,Decreasing,High,High,High
2596,76,62,6,1,2,Increasing,Medium,Low,High
2597,78,36,3,6,2,Increasing,High,High,High
2598,76,59,0,5,1,Decreasing,Medium,High,Low
2599,47,68,3,9,4,Stable,High,High,High
2600,95,76,3,1,0,Stable,Medium,High,High
2601,97,83,7,2,3,Decreasing,Medium,Low,Medium
2602,62,94,3,3,4,Increasing,High,Low,High
2603,65,76,3,6,2,Decreasing,Low,High,Medium
2604,48,93,1,7,4,Increasing,High,High,Low
2605,57,93,9,10,0,Increasing,High,High,High
2606,69,89,6,1,2,Increasing,Low,Low,Medium
2607,44,95,3,7,1,Stable,Medium,High,Medium
2608,70,62,10,10,3,Stable,High,High,Low
2609,68,42,5,8,3,Decreasing,High,Low,High
2610,31,46,2,6,2,Stable,High,High,High
2611,92,77,6,0,1,Increasing,Low,Low,Medium
2612,58,56,5,5,0,Increasing,High,High,High
2613,95,25,2,7,3,Decreasing,Medium,High,High
2614,80,84,3,4,2,Increasing,Low,High,High
2615,39,25,9,1,3,Decreasing,High,Low,High
2616,43,69,4,4,1,Decreasing,High,High,High
2617,80,41,8,7,0,Increasing,Low,Low,High
2618,68,44,5,1,1,Stable,High,High,Low
2619,57,98,3,0,4,Increasing,High,Low,Medium
2620,32,91,10,3,1,Increasing,High,Low,Medium
2621,99,70,10,3,1,Decreasing,Low,Low,Medium
2622,56,67,6,8,3,Stable,High,Low,Low
2623,31,89,1,2,1,Decreasing,High,High,Low
2624,67,84,3,3,2,Increasing,High,Low,Low
2625,32,79,4,2,3,Decreasing,High,Low,Medium
2626,45,65,3,1,3,Decreasing,High,Low,Low
2627,69,55,3,3,4,Increasing,Medium,Low,Medium
2628,31,77,10,7,2,Decreasing,High,High,High
2629,70,95,8,0,1,Increasing,Low,Low,Medium
2630,41,57,10,7,4,Decreasing,High,High,High
2631,64,30,1,7,2,Stable,Medium,High,High
2632,94,31,5,2,4,Increasing,Low,Low,High
2633,84,61,7,9,0,Stable,Medium,High,High
2634,74,58,7,9,1,Decreasing,High,High,Low
2635,91,90,10,5,4,Stable,Medium,Low,High
2636,78,30,6,3,0,Stable,Low,Low,Medium
2637,54,55,9,0,1,Stable,High,Low,Low
2638,52,71,10,0,4,Decreasing,High,Low,Medium
2639,53,50,3,4,4,Increasing,Low,High,Medium
2640,67,52,6,7,4,Decreasing,Low,Low,Low
2641,57,32,9,0,4,Decreasing,High,Low,High
2642,50,37,5,1,3,Decreasing,High,Low,High
2643,83,60,10,6,4,Increasing,Low,Low,Low
2644,47,77,5,7,3,Decreasing,High,High,High
2645,65,75,1,2,3,Decreasing,Medium,High,Low
2646,74,43,7,10,0,Increasing,High,Low,High
2647,82,92,7,7,1,Increasing,Low,Low,Low
2648,59,50,10,0,3,Increasing,High,Low,Medium
2649,89,74,6,8,2,Stable,Medium,High,Low
2650,61,29,10,1,3,Increasing,Medium,Low,High
2651,96,79,8,1,2,Stable,Medium,Low,Low
2652,96,21,7,3,0,Stable,Medium,Low,Medium
2653,57,34,8,9,2,Decreasing,High,High,Low
2654,73,22,8,2,0,Stable,Low,Low,Low
2655,70,62,5,3,0,Decreasing,High,Low,High
2656,92,50,1,5,0,Stable,Low,High,Low
2657,52,89,6,6,2,Increasing,High,Low,High
2658,77,86,2,4,2,Decreasing,Low,High,Medium
2659,61,75,6,1,0,Stable,Medium,Low,Low
2660,86,82,8,2,0,Decreasing,Low,High,Low
2661,62,94,9,9,1,Increasing,High,Low,Medium
2662,53,34,9,10,0,Stable,High,High,High
2663,68,29,1,2,4,Stable,Medium,Low,Medium
2664,63,57,5,4,1,Increasing,Low,Low,Low
2665,85,66,5,10,1,Stable,High,High,Low
2666,57,76,8,4,1,Stable,High,High,Low
2667,66,69,8,3,4,Decreasing,Low,Low,Medium
2668,36,90,4,7,1,Stable,Medium,High,High
2669,97,34,4,5,1,Increasing,Medium,High,High
2670,66,37,8,5,2,Stable,Medium,High,Low
2671,85,21,7,0,2,Decreasing,High,Low,Low
2672,94,62,6,5,0,Stable,Low,High,Low
2673,94,45,7,2,0,Decreasing,Medium,Low,Low
2674,76,90,5,5,3,Stable,Low,High,Medium
2675,49,57,2,9,4,Decreasing,High,High,Medium
2676,48,61,6,10,2,Decreasing,Low,High,Medium
2677,58,24,7,5,0,Stable,Medium,High,Medium
2678,89,30,7,1,4,Increasing,Medium,Low,Low
2679,47,84,0,0,1,Increasing,High,Low,Medium
2680,64,53,6,10,4,Stable,Medium,High,Low
2681,72,20,2,2,2,Stable,Medium,Low,Low
2682,40,21,1,4,3,Stable,High,High,Low
2683,78,39,1,3,2,Stable,Medium,Low,Low
2684,67,80,7,6,0,Stable,Low,High,Medium
2685,93,40,8,3,0,Increasing,Low,Low,Medium
2686,98,87,2,7,4,Decreasing,Medium,High,High
2687,37,31,2,6,2,Decreasing,High,High,High
2688,63,41,5,9,0,Increasing,Medium,High,Medium
2689,77,39,10,8,1,Increasing,Low,High,High
2690,85,20,9,0,1,Decreasing,Medium,Low,Medium
2691,94,49,0,4,3,Increasing,Low,High,High
2692,60,43,5,3,4,Stable,Low,Low,High
2693,33,33,2,5,0,Increasing,Low,High,Medium
2694,79,55,10,0,3,Increasing,Low,Low,Medium
2695,98,88,3,5,1,Increasing,Low,High,High
2696,59,94,8,0,3,Increasing,Medium,Low,Medium
2697,88,43,2,0,3,Decreasing,Medium,Low,High
2698,96,79,0,7,0,Decreasing,Medium,High,Medium
2699,74,74,2,1,0,Decreasing,Low,Low,Medium
2700,33,96,6,9,0,Decreasing,High,High,Medium
2701,55,99,6,5,4,Stable,High,High,High
2702,56,43,10,5,3,Stable,High,High,High
2703,75,96,4,5,3,Decreasing,Low,High,Low
2704,93,43,0,7,4,Decreasing,High,High,High
2705,80,73,10,3,1,Decreasing,Medium,Low,Low
2706,79,45,7,2,2,Increasing,Medium,Low,High
2707,35,85,9,5,1,Stable,High,High,Low
2708,88,99,7,3,4,Stable,Low,Low,Medium
2709,44,57,9,1,3,Increasing,High,Low,Medium
2710,59,84,9,5,3,Increasing,Low,High,High
2711,71,94,9,9,0,Increasing,High,High,Medium
2712,66,70,1,4,0,Stable,High,High,Medium
2713,71,54,9,10,3,Increasing,Low,High,High
2714,64,62,2,8,3,Increasing,Medium,High,High
2715,35,48,3,10,0,Increasing,High,High,Low
2716,97,56,0,5,0,Decreasing,Low,Low,Low
2717,47,77,3,2,1,Increasing,Medium,High,Low
2718,58,73,4,10,3,Decreasing,High,High,Low
2719,88,58,2,4,3,Stable,Low,High,High
2720,76,61,10,9,4,Stable,High,High,Low
2721,46,47,9,7,1,Stable,Low,Low,Medium
2722,51,48,1,8,2,Decreasing,High,High,High
2723,97,62,5,7,2,Increasing,Medium,High,Low
2724,98,22,7,2,2,Stable,Medium,High,High
2725,66,29,6,8,0,Increasing,Low,High,Low
2726,78,78,10,2,2,Decreasing,High,Low,Medium
2727,42,33,0,7,4,Stable,Low,High,High
2728,63,95,3,9,0,Increasing,Low,High,Low
2729,82,66,2,8,0,Increasing,Low,High,Low
2730,80,61,5,6,2,Stable,Low,High,High
2731,32,51,8,3,0,Increasing,High,Low,Low
2732,71,51,8,9,1,Decreasing,High,High,High
2733,61,61,6,8,1,Stable,Low,High,High
2734,80,51,8,2,2,Stable,Medium,High,Low
2735,75,45,7,2,4,Stable,Low,Low,High
2736,50,20,4,1,0,Stable,High,Low,High
2737,73,75,8,9,3,Decreasing,High,High,High
2738,40,21,6,2,2,Decreasing,High,Low,High
2739,97,49,4,0,0,Increasing,Low,Low,High
2740,30,90,7,3,2,Decreasing,High,Low,Low
2741,92,71,6,7,2,Increasing,Medium,High,High
2742,53,28,8,4,4,Increasing,High,High,High
2743,42,41,9,1,3,Stable,High,Low,High
2744,40,53,0,2,0,Increasing,Low,High,Medium
2745,80,68,8,0,2,Stable,Low,Low,Medium
2746,46,20,6,1,2,Increasing,High,Low,High
2747,53,92,0,0,0,Decreasing,High,Low,High
2748,48,72,0,1,2,Stable,Low,Low,High
2749,66,59,4,2,2,Increasing,Medium,Low,High
2750,37,64,7,0,2,Decreasing,High,High,Low
2751,57,87,8,10,1,Decreasing,High,High,High
2752,34,28,5,8,1,Stable,High,High,High
2753,46,41,9,9,3,Stable,High,High,High
2754,65,37,7,4,4,Stable,Low,High,Low
2755,48,95,5,7,0,Increasing,High,High,Low
2756,93,62,10,4,4,Stable,Low,High,Low
2757,40,58,5,7,4,Decreasing,High,Low,Low
2758,83,92,3,6,1,Decreasing,High,Low,Medium
2759,74,25,10,3,3,Stable,Low,Low,Low
2760,76,67,4,6,4,Stable,Medium,High,Medium
2761,41,26,1,5,4,Decreasing,High,High,High
2762,50,99,2,2,2,Increasing,Medium,Low,Medium
2763,40,88,2,8,0,Decreasing,Medium,High,Medium
2764,34,35,10,9,3,Decreasing,High,High,Low
2765,85,20,4,8,0,Decreasing,High,High,High
2766,49,56,4,4,1,Stable,High,High,High
2767,70,56,5,7,4,Increasing,High,High,Low
2768,75,83,4,6,4,Increasing,Medium,High,Low
2769,41,81,5,8,0,Stable,High,High,Low
2770,99,91,7,6,1,Decreasing,Medium,High,Low
2771,46,80,1,3,2,Stable,High,High,High
2772,48,52,3,3,2,Stable,High,High,High
2773,55,85,5,10,4,Increasing,Medium,Low,Medium
2774,77,49,4,7,4,Increasing,Medium,High,Low
2775,81,39,0,5,3,Stable,Low,High,High
2776,99,79,8,8,0,Stable,Medium,High,High
2777,84,93,2,9,4,Increasing,Medium,High,High
2778,62,43,1,6,1,Increasing,High,High,High
2779,91,23,8,6,0,Decreasing,Low,High,High
2780,52,56,6,3,3,Stable,High,Low,Low
2781,44,23,4,2,2,Decreasing,High,Low,Low
2782,56,96,5,7,3,Decreasing,Medium,Low,Low
2783,93,96,10,6,0,Decreasing,Medium,Low,Medium
2784,80,37,3,3,2,Increasing,Low,High,Medium
2785,82,85,0,3,1,Decreasing,Medium,High,Medium
2786,80,67,3,0,2,Increasing,Low,Low,Medium
2787,76,52,8,10,2,Increasing,Low,High,High
2788,33,77,0,6,1,Increasing,Medium,High,Low
2789,36,92,9,0,4,Stable,Low,Low,Medium
2790,64,47,2,9,4,Decreasing,Low,High,High
2791,77,54,4,9,2,Increasing,Medium,High,High
2792,74,29,6,3,2,Stable,Low,Low,High
2793,48,84,8,10,3,Stable,High,Low,High
2794,92,61,5,2,4,Stable,High,Low,High
2795,67,28,2,10,1,Increasing,Low,High,High
2796,96,79,6,2,2,Increasing,Medium,Low,High
2797,88,34,3,0,2,Increasing,Medium,High,High
2798,98,76,2,3,3,Stable,Medium,Low,Low
2799,42,88,6,0,3,Increasing,High,Low,High
2800,76,41,10,7,3,Decreasing,Medium,Low,High
2801,90,83,10,0,0,Increasing,Low,Low,Medium
2802,60,60,6,5,1,Increasing,High,Low,Low
2803,51,90,3,6,0,Decreasing,High,High,Medium
2804,72,75,6,9,2,Increasing,Low,Low,Medium
2805,96,42,10,1,3,Increasing,Medium,Low,Low
2806,83,44,1,3,3,Increasing,Low,Low,Low
2807,39,25,0,10,3,Increasing,High,High,Low
2808,71,53,1,2,4,Stable,High,Low,Medium
2809,93,82,3,8,1,Increasing,Low,High,Low
2810,50,28,7,6,0,Decreasing,High,High,Low
2811,95,79,2,1,1,Decreasing,Low,High,Low
2812,70,68,9,10,3,Stable,Medium,High,Low
2813,53,70,5,5,2,Increasing,High,High,Low
2814,64,79,5,8,4,Decreasing,High,Low,Low
2815,85,89,8,2,1,Stable,Low,High,Medium
2816,59,56,8,10,2,Increasing,High,High,High
2817,86,50,3,5,3,Stable,Low,High,Low
2818,76,60,8,2,3,Increasing,Low,Low,Medium
2819,64,81,5,2,3,Stable,Low,Low,Medium
2820,48,77,1,3,3,Stable,High,High,High
2821,37,33,9,8,4,Decreasing,High,Low,Medium
2822,55,55,10,10,4,Decreasing,High,High,Low
2823,59,55,5,7,1,Stable,High,Low,High
2824,36,98,1,0,3,Increasing,High,High,Low
2825,96,27,7,10,4,Increasing,High,High,Low
2826,94,45,3,0,2,Increasing,Low,Low,High
2827,65,55,4,6,4,Increasing,Medium,High,High
2828,54,67,7,2,4,Increasing,High,Low,Low
2829,66,47,10,10,1,Decreasing,High,High,Low
2830,30,87,7,6,4,Stable,High,High,High
2831,44,81,5,8,2,Decreasing,High,High,Low
2832,66,99,3,2,3,Increasing,Low,Low,Low
2833,42,95,0,2,0,Stable,Medium,Low,Medium
2834,37,99,6,1,1,Increasing,Low,Low,Low
2835,34,70,7,9,2,Increasing,High,High,High
2836,89,61,8,0,1,Stable,Low,Low,Low
2837,30,48,1,8,3,Increasing,High,High,High
2838,65,29,0,5,4,Decreasing,High,High,Low
2839,64,58,3,5,4,Decreasing,Medium,High,High
2840,95,20,4,7,2,Decreasing,Medium,Low,High
2841,92,58,9,10,3,Increasing,Medium,High,High
2842,52,40,0,4,0,Decreasing,High,High,High
2843,38,84,4,8,0,Increasing,Low,High,Low
2844,63,34,5,10,4,Increasing,Medium,High,High
2845,75,23,2,4,3,Decreasing,Medium,High,Medium
2846,33,79,6,1,3,Decreasing,High,High,Low
2847,59,80,5,5,2,Increasing,High,Low,Medium
2848,32,39,3,8,0,Increasing,High,High,High
2849,43,29,2,2,2,Increasing,Low,High,Low
2850,89,53,4,9,1,Increasing,Medium,High,Medium
2851,74,67,2,3,3,Decreasing,High,Low,High
2852,63,52,9,9,0,Increasing,Low,High,Medium
2853,74,80,8,10,2,Increasing,Medium,High,Medium
2854,90,29,8,7,4,Increasing,Low,High,Low
2855,45,73,5,5,1,Increasing,High,High,Medium
2856,95,84,10,6,2,Increasing,Low,High,High
2857,69,96,5,6,4,Stable,High,High,Medium
2858,46,20,3,3,0,Stable,High,Low,High
2859,63,24,3,5,0,Stable,High,High,High
2860,45,99,1,8,1,Decreasing,High,High,Low
2861,89,34,9,2,4,Increasing,Medium,High,High
2862,95,47,3,7,3,Decreasing,Medium,High,High
2863,95,42,7,6,0,Increasing,Low,High,Low
2864,42,36,9,3,3,Stable,High,Low,High
2865,85,32,1,9,3,Increasing,Low,High,Medium
2866,60,33,8,2,2,Decreasing,Low,High,Low
2867,63,30,0,6,2,Decreasing,Low,High,High
2868,68,47,1,9,0,Increasing,Low,High,Low
2869,96,61,1,8,3,Decreasing,Medium,High,Low
2870,37,80,10,9,2,Stable,High,Low,Medium
2871,84,83,5,2,4,Increasing,Low,Low,High
2872,56,50,6,9,4,Stable,High,Low,Low
2873,82,92,2,8,4,Stable,Medium,High,Low
2874,68,29,10,7,4,Decreasing,High,High,High
2875,94,27,8,2,3,Increasing,Medium,Low,Low
2876,46,40,4,7,4,Stable,High,High,High
2877,59,96,4,3,3,Stable,Low,Low,Medium
2878,82,78,10,5,0,Increasing,Low,High,Low
2879,42,69,3,9,0,Decreasing,High,High,High
2880,50,88,8,1,4,Stable,High,High,Low
2881,48,89,7,7,4,Increasing,Medium,High,High
2882,82,49,3,8,4,Increasing,Medium,High,Low
2883,48,36,3,6,0,Stable,High,High,High
2884,86,94,1,7,2,Stable,Low,High,High
2885,54,39,8,6,0,Stable,High,Low,High
2886,60,67,2,10,4,Decreasing,High,High,High
2887,84,92,3,9,2,Decreasing,High,High,Low
2888,52,21,6,3,2,Increasing,High,Low,Medium
2889,61,56,9,0,1,Increasing,Medium,Low,Low
2890,91,20,7,2,3,Stable,Low,Low,Medium
2891,39,23,7,6,4,Increasing,High,High,Low
2892,83,73,3,10,3,Decreasing,Medium,Low,High
2893,81,44,6,10,1,Increasing,Low,Low,Medium
2894,49,22,9,6,3,Increasing,High,High,High
2895,61,28,0,10,4,Stable,Low,High,Low
2896,43,95,5,2,1,Stable,High,Low,Medium
2897,79,93,5,0,3,Decreasing,Low,Low,Medium
2898,57,53,5,9,0,Increasing,Low,High,Medium
2899,82,62,1,8,2,Increasing,Low,High,Medium
2900,53,93,7,5,1,Increasing,High,High,Low
2901,51,41,4,6,0,Stable,High,High,High
2902,59,89,4,0,4,Decreasing,High,High,High
2903,92,21,1,0,2,Increasing,Low,Low,Low
2904,33,85,3,3,1,Increasing,High,Low,Low
2905,88,51,8,6,2,Increasing,Medium,High,High
2906,37,35,8,10,1,Increasing,High,High,Low
2907,41,95,5,10,1,Decreasing,Medium,High,Medium
2908,60,20,10,7,3,Decreasing,High,High,Low
2909,63,91,8,9,2,Decreasing,High,High,Low
2910,78,67,3,8,2,Stable,High,High,High
2911,86,69,10,0,0,Increasing,Low,Low,Low
2912,55,32,0,3,4,Increasing,High,Low,High
2913,47,34,1,3,0,Increasing,High,Low,Low
2914,67,72,0,2,3,Increasing,Medium,High,Low
2915,79,63,7,6,1,Decreasing,High,High,High
2916,37,27,8,0,3,Stable,High,Low,High
2917,70,93,9,8,3,Stable,High,High,High
2918,35,65,5,7,0,Increasing,High,High,Low
2919,98,88,1,1,1,Decreasing,Medium,High,Low
2920,73,38,5,1,4,Stable,Medium,Low,High
2921,93,57,8,7,3,Stable,Medium,High,High
2922,58,30,2,10,4,Increasing,Low,High,High
2923,57,62,8,0,1,Stable,Low,Low,Low
2924,40,39,1,6,1,Increasing,High,High,Medium
2925,94,39,10,8,0,Decreasing,Medium,High,Medium
2926,48,40,4,2,2,Increasing,High,Low,High
2927,38,76,10,6,0,Stable,Medium,High,Medium
2928,56,69,1,5,4,Increasing,High,High,High
2929,63,93,6,6,0,Increasing,High,High,High
2930,73,45,10,6,1,Increasing,Low,Low,High
2931,97,49,9,9,3,Increasing,Low,High,Low
2932,44,92,8,0,2,Increasing,High,Low,High
2933,80,50,6,2,1,Increasing,Medium,Low,Medium
2934,42,61,4,9,3,Stable,High,High,Medium
2935,78,87,3,0,4,Increasing,Low,Low,Low
2936,99,80,3,4,4,Stable,Low,High,Medium
2937,85,80,9,2,4,Increasing,Medium,Low,High
2938,80,89,7,0,0,Decreasing,Medium,Low,Low
2939,66,97,9,1,4,Increasing,Medium,Low,High
2940,46,87,9,9,4,Stable,High,High,High
2941,87,36,9,4,0,Stable,Medium,High,Low
2942,58,38,9,10,3,Decreasing,High,High,High
2943,62,70,9,2,1,Increasing,High,Low,Low
2944,89,89,0,5,2,Decreasing,Medium,High,High
2945,84,82,4,8,4,Increasing,Medium,High,High
2946,39,94,1,5,4,Increasing,High,High,High
2947,76,99,10,1,4,Stable,Low,High,Medium
2948,52,49,8,1,0,Decreasing,High,Low,High
2949,50,44,6,7,0,Decreasing,High,High,High
2950,42,94,9,10,0,Stable,High,High,High
2951,62,90,7,7,2,Stable,Medium,High,Low
2952,53,45,5,5,1,Decreasing,High,High,Low
2953,40,75,8,9,4,Stable,High,Low,Low
2954,46,41,5,6,3,Increasing,High,High,Low
2955,97,38,6,0,4,Decreasing,Low,Low,High
2956,76,50,6,8,4,Decreasing,Low,High,High
2957,54,45,8,4,4,Stable,High,High,High
2958,50,61,10,8,4,Increasing,Low,Low,Medium
2959,41,60,7,1,1,Decreasing,High,Low,Low
2960,66,42,0,7,3,Decreasing,Medium,High,Low
2961,71,66,3,6,0,Increasing,Low,High,Low
2962,46,32,6,10,3,Stable,High,Low,High
2963,77,85,10,3,4,Stable,High,Low,Low
2964,57,85,7,2,3,Stable,High,High,High
2965,70,35,6,3,4,Stable,Low,Low,High
2966,76,92,2,3,3,Increasing,Medium,Low,Medium
2967,47,47,3,9,2,Increasing,High,High,High
2968,42,96,6,9,3,Decreasing,High,High,Low
2969,42,54,7,7,0,Decreasing,High,Low,Medium
2970,60,60,6,3,0,Increasing,High,Low,High
2971,31,96,5,4,3,Decreasing,High,High,High
2972,45,50,8,1,3,Increasing,High,Low,High
2973,38,51,8,3,1,Stable,High,Low,Low
2974,67,73,10,6,3,Increasing,Low,Low,Low
2975,83,91,6,2,0,Increasing,Low,Low,Low
2976,85,78,7,0,2,Decreasing,Low,Low,Medium
2977,74,60,5,7,0,Increasing,Low,Low,Medium
2978,63,85,0,7,1,Stable,Medium,High,Low
2979,38,73,0,5,3,Stable,High,High,Low
2980,37,59,5,6,2,Decreasing,High,High,High
2981,36,47,1,9,0,Decreasing,High,High,Low
2982,65,56,7,10,2,Increasing,Medium,High,High
2983,47,84,0,1,4,Decreasing,High,Low,Low
2984,32,93,1,4,0,Stable,High,High,High
2985,57,74,7,6,4,Decreasing,High,Low,Low
2986,99,23,5,8,2,Decreasing,Medium,High,High
2987,73,29,9,0,3,Stable,High,Low,High
2988,50,66,1,2,3,Increasing,High,Low,High
2989,57,94,1,5,3,Increasing,High,High,High
2990,83,33,10,6,4,Decreasing,Low,High,High
2991,83,57,6,5,3,Stable,Low,High,Low
2992,94,31,4,0,1,Stable,Low,Low,High
2993,50,64,4,3,0,Stable,Low,Low,Low
2994,42,36,7,5,0,Increasing,High,High,High
2995,86,99,6,7,2,Stable,Medium,High,High
2996,78,54,8,9,4,Stable,High,High,Medium
2997,83,85,3,3,0,Increasing,Low,Low,Medium
2998,39,94,9,6,4,Stable,High,Low,Low
2999,82,60,3,10,2,Increasing,Medium,High,Low
3000,73,86,1,2,3,Decreasing,High,Low,Low
3001,76,48,2,7,2,Decreasing,Low,High,High
3002,82,37,0,0,1,Decreasing,Low,Low,High
3003,75,39,0,3,3,Decreasing,Medium,Low,Low
3004,42,33,6,7,3,Decreasing,High,High,High
3005,66,53,4,9,3,Increasing,Low,Low,Low
3006,53,68,2,3,2,Increasing,Medium,Low,High
3007,31,73,6,1,1,Increasing,High,Low,Medium
3008,43,50,1,1,4,Stable,Medium,Low,Low
3009,39,77,2,3,2,Decreasing,High,Low,Low
3010,64,61,0,3,0,Stable,Medium,Low,High
3011,54,77,7,1,0,Stable,High,Low,Medium
3012,32,49,1,6,2,Stable,Medium,High,Low
3013,46,44,6,5,4,Decreasing,High,High,High
3014,41,82,10,10,0,Stable,High,High,High
3015,83,38,8,2,4,Decreasing,Low,High,High
3016,53,91,5,7,3,Decreasing,High,High,High
3017,58,27,1,7,2,Decreasing,High,High,Low
3018,72,22,1,0,3,Stable,High,Low,Low
3019,54,86,8,2,0,Decreasing,High,Low,Medium
3020,89,36,9,4,4,Decreasing,Low,Low,High
3021,94,33,7,1,3,Increasing,Low,Low,Medium
3022,57,28,8,4,0,Stable,High,Low,High
3023,45,81,3,10,1,Increasing,Low,High,Medium
3024,76,40,3,9,3,Increasing,Low,High,Low
3025,87,95,1,2,1,Stable,Medium,Low,Medium
3026,56,56,9,8,1,Increasing,High,High,Low
3027,82,30,0,10,0,Decreasing,High,High,Low
3028,71,39,9,0,2,Increasing,Medium,Low,Low
3029,88,54,3,3,4,Increasing,Low,Low,Medium
3030,76,72,9,9,0,Decreasing,Medium,Low,Medium
3031,63,66,9,5,3,Increasing,Low,High,Medium
3032,66,94,10,8,4,Decreasing,Low,High,Low
3033,35,71,7,2,2,Stable,Low,Low,Low
3034,36,27,1,2,0,Increasing,Low,Low,Low
3035,54,23,10,4,2,Stable,High,Low,Medium
3036,62,46,7,6,3,Increasing,Low,High,High
3037,84,63,0,4,0,Decreasing,Low,Low,Low
3038,87,59,0,10,3,Increasing,Low,High,Low
3039,36,66,3,7,4,Stable,High,High,Low
3040,86,63,6,4,4,Decreasing,Low,High,Medium
3041,41,67,8,6,2,Decreasing,High,High,High
3042,45,71,4,5,2,Stable,High,High,High
3043,72,87,1,9,4,Stable,High,High,Low
3044,36,30,6,1,1,Increasing,High,Low,Low
3045,80,96,10,2,4,Increasing,Medium,Low,High
3046,61,92,1,10,0,Decreasing,Low,High,Low
3047,37,23,8,10,3,Stable,High,High,High
3048,74,95,8,3,4,Stable,High,Low,Medium
3049,88,92,2,4,4,Increasing,Low,High,Medium
3050,33,96,7,8,3,Increasing,Low,Low,Medium
3051,96,67,10,5,3,Decreasing,Low,High,High
3052,58,45,3,0,0,Stable,High,High,High
3053,58,96,2,2,3,Stable,High,Low,Low
3054,57,58,0,6,2,Stable,High,High,High
3055,73,77,4,7,4,Stable,Medium,High,Low
3056,33,38,10,6,3,Increasing,High,High,High
3057,38,96,3,4,0,Increasing,High,High,Low
3058,34,96,0,9,3,Increasing,Low,High,Low
3059,85,77,9,7,4,Decreasing,Low,High,High
3060,79,47,7,8,1,Stable,Medium,High,High
3061,44,85,7,6,3,Increasing,High,Low,High
3062,61,29,7,10,2,Stable,High,Low,High
3063,57,96,2,8,4,Increasing,High,High,High
3064,51,77,5,0,0,Decreasing,High,Low,Medium
3065,46,92,6,8,4,Increasing,High,High,Low
3066,88,33,8,2,1,Decreasing,Low,Low,Medium
3067,86,34,4,5,0,Stable,Low,High,Medium
3068,55,52,8,7,1,Increasing,High,High,High
3069,54,36,5,2,1,Increasing,Medium,Low,High
3070,39,43,9,3,2,Increasing,High,Low,Low
3071,74,49,9,6,3,Stable,Medium,High,High
3072,40,81,9,6,2,Decreasing,High,High,Low
3073,82,32,3,3,2,Decreasing,Low,High,Medium
3074,97,81,0,8,2,Increasing,Medium,High,High
3075,57,66,0,2,0,Stable,High,Low,High
3076,94,35,9,7,3,Decreasing,Medium,High,High
3077,78,85,4,7,3,Decreasing,Medium,High,Low
3078,76,62,2,3,0,Decreasing,Low,High,Low
3079,81,27,4,6,2,Decreasing,Medium,High,High
3080,83,22,4,3,2,Decreasing,Low,Low,Low
3081,89,31,0,0,1,Increasing,Medium,High,High
3082,86,35,7,0,1,Increasing,Low,Low,Medium
3083,76,97,4,0,4,Increasing,Low,Low,Medium
3084,60,99,4,1,1,Decreasing,High,Low,Low
3085,75,78,8,5,3,Decreasing,Low,Low,Medium
3086,55,68,7,9,0,Decreasing,High,High,High
3087,34,82,0,10,2,Increasing,High,High,Medium
3088,81,81,2,4,4,Decreasing,Low,High,Low
3089,83,68,6,10,1,Increasing,Low,Low,Low
3090,62,70,0,1,4,Decreasing,High,Low,High
3091,79,52,0,7,0,Increasing,Medium,High,Low
3092,67,49,4,8,0,Stable,High,High,Low
3093,56,78,8,6,4,Decreasing,High,High,Low
3094,44,95,5,8,4,Decreasing,High,High,Low
3095,90,34,9,3,4,Increasing,Medium,Low,Low
3096,50,42,1,6,2,Decreasing,High,High,High
3097,75,97,10,4,3,Increasing,Medium,High,High
3098,98,64,8,4,1,Increasing,Medium,High,Medium
3099,35,81,5,2,1,Stable,High,Low,Low
3100,67,98,4,8,1,Stable,High,High,Low
3101,91,90,4,9,4,Decreasing,High,High,High
3102,91,34,2,4,4,Decreasing,Low,High,High
3103,75,65,5,5,4,Increasing,Low,Low,Low
3104,42,83,3,2,2,Increasing,High,High,Medium
3105,32,65,9,9,2,Increasing,High,High,High
3106,35,75,1,6,2,Increasing,High,High,Medium
3107,37,63,2,8,2,Decreasing,High,High,High
3108,73,94,8,8,0,Stable,High,Low,Low
3109,62,48,10,9,2,Decreasing,Medium,Low,Low
3110,79,81,10,9,2,Decreasing,Medium,High,Low
3111,40,71,8,4,2,Decreasing,High,Low,High
3112,57,73,5,6,1,Stable,High,High,Low
3113,99,76,9,2,1,Decreasing,Medium,Low,Medium
3114,70,85,9,5,1,Stable,Low,High,Medium
3115,45,41,8,7,3,Increasing,High,High,High
3116,97,39,3,7,0,Decreasing,Low,High,Low
3117,77,52,10,1,4,Increasing,Low,Low,Low
3118,85,91,4,5,2,Increasing,Medium,High,High
3119,93,44,9,6,1,Increasing,Low,High,Low
3120,88,65,5,6,0,Decreasing,Low,High,Medium
3121,91,92,8,2,2,Increasing,Low,Low,Low
3122,40,76,4,8,3,Decreasing,High,High,Low
3123,47,24,7,1,4,Increasing,High,Low,Low
3124,48,74,10,10,2,Decreasing,Medium,High,Low
3125,84,80,0,2,4,Decreasing,Low,Low,High
3126,55,27,4,10,2,Decreasing,High,High,Low
3127,35,35,9,1,3,Increasing,High,Low,High
3128,33,67,0,10,0,Decreasing,High,High,Medium
3129,58,80,9,8,4,Increasing,High,High,High
3130,88,34,5,3,4,Stable,Medium,Low,High
3131,46,84,6,1,0,Increasing,High,Low,Medium
3132,72,41,4,2,4,Increasing,Low,Low,Low
3133,95,22,0,3,1,Decreasing,High,High,High
3134,63,73,5,9,0,Increasing,Low,High,High
3135,37,33,9,5,3,Stable,High,Low,Medium
3136,42,55,4,4,2,Decreasing,High,High,Low
3137,37,86,5,2,2,Increasing,High,Low,High
3138,94,29,10,9,0,Increasing,Medium,High,Low
3139,72,68,9,7,1,Decreasing,High,High,High
3140,68,84,6,7,3,Decreasing,High,High,High
3141,88,76,6,6,2,Increasing,Medium,High,Medium
3142,73,46,1,2,2,Increasing,Medium,Low,Low
3143,38,94,2,0,1,Decreasing,High,High,High
3144,66,24,5,4,4,Decreasing,High,High,High
3145,65,90,2,0,0,Stable,High,High,Low
3146,57,76,1,5,1,Stable,High,High,Low
3147,71,34,3,10,1,Stable,Low,High,Medium
3148,72,95,4,6,1,Decreasing,High,High,High
3149,71,49,10,4,1,Decreasing,High,Low,Low
3150,95,39,9,3,4,Decreasing,Medium,Low,Low
3151,84,56,8,1,3,Increasing,Low,High,High
3152,77,22,2,4,1,Decreasing,Medium,High,High
3153,51,92,2,8,1,Increasing,Low,High,Low
3154,56,60,5,3,0,Decreasing,High,High,Low
3155,96,58,4,1,2,Decreasing,Medium,High,Low
3156,42,45,5,5,4,Increasing,High,Low,Low
3157,74,21,6,7,1,Decreasing,Medium,High,Medium
3158,39,42,10,1,3,Decreasing,High,Low,Low
3159,38,42,2,8,3,Decreasing,High,High,High
3160,83,35,4,6,3,Stable,Medium,High,High
3161,56,28,7,1,0,Decreasing,High,Low,Low
3162,63,32,3,10,3,Increasing,Medium,High,Low
3163,30,47,9,4,0,Increasing,High,High,Low
3164,61,46,1,4,4,Increasing,High,High,High
3165,96,70,3,6,3,Decreasing,Medium,High,Low
3166,49,83,1,4,2,Increasing,High,High,Low
3167,64,71,2,10,1,Stable,Medium,High,Medium
3168,46,57,3,5,4,Increasing,Medium,High,Low
3169,47,84,3,8,2,Decreasing,High,High,High
3170,74,37,9,2,4,Stable,Low,Low,High
3171,82,82,8,2,3,Increasing,Medium,Low,Low
3172,97,70,9,7,4,Stable,Low,High,Low
3173,94,28,5,9,4,Increasing,Low,High,Low
3174,30,32,8,5,4,Decreasing,High,High,Low
3175,87,59,3,9,0,Stable,Medium,High,High
3176,55,74,8,2,2,Increasing,High,Low,High
3177,49,98,10,1,3,Increasing,High,Low,High
3178,39,62,8,1,1,Stable,Low,Low,Low
3179,88,63,5,1,3,Stable,Medium,Low,Medium
3180,70,87,4,4,3,Stable,Low,High,Medium
3181,34,52,2,4,0,Stable,High,High,Low
3182,94,43,4,0,0,Increasing,Medium,Low,Medium
3183,46,55,2,1,4,Increasing,High,High,High
3184,51,29,4,1,3,Increasing,High,Low,High
3185,70,39,4,3,2,Decreasing,High,Low,High
3186,97,94,1,6,0,Stable,Medium,High,Medium
3187,98,31,8,2,0,Increasing,High,Low,Low
3188,40,81,6,4,2,Stable,High,High,Medium
3189,85,37,5,10,0,Stable,Medium,Low,Low
3190,80,82,4,8,2,Increasing,Low,High,Medium
3191,50,44,3,4,1,Stable,High,Low,Medium
3192,55,31,7,8,2,Stable,High,High,Low
3193,48,40,1,0,1,Stable,High,Low,High
3194,89,44,7,8,4,Stable,High,Low,High
3195,76,30,0,4,4,Stable,Low,High,Medium
3196,55,83,9,7,0,Increasing,High,Low,High
3197,69,92,0,4,2,Increasing,Medium,High,Low
3198,34,69,2,5,0,Stable,High,Low,High
3199,50,81,4,7,2,Stable,High,High,High
3200,33,68,5,1,0,Stable,High,High,High
3201,52,33,3,2,4,Decreasing,High,Low,High
3202,44,20,6,10,4,Stable,High,High,High
3203,37,44,6,8,0,Decreasing,High,Low,Medium
3204,70,78,1,4,2,Decreasing,Medium,High,High
3205,48,91,1,4,3,Decreasing,High,High,High
3206,75,88,1,8,2,Increasing,Low,High,High
3207,57,24,1,9,0,Decreasing,High,High,High
3208,97,38,8,2,2,Stable,Medium,Low,Low
3209,44,42,4,3,1,Stable,High,Low,Medium
3210,66,28,10,6,2,Increasing,Low,High,High
3211,30,69,7,1,4,Increasing,High,Low,High
3212,96,35,4,7,4,Stable,Medium,High,Low
3213,53,52,10,4,1,Increasing,High,High,Low
3214,56,21,4,0,2,Increasing,High,High,Low
3215,69,33,0,2,3,Decreasing,High,Low,High
3216,92,20,5,8,2,Decreasing,Low,High,High
3217,90,77,3,4,4,Increasing,Medium,High,Low
3218,65,35,2,7,4,Stable,Medium,High,High
3219,53,98,5,0,0,Decreasing,High,Low,Medium
3220,53,66,1,6,4,Stable,High,High,High
3221,33,63,7,6,0,Increasing,High,High,High
3222,96,99,0,7,4,Stable,Medium,High,High
3223,63,33,8,2,4,Stable,Low,Low,Medium
3224,86,43,7,0,3,Stable,Medium,Low,Low
3225,78,74,0,10,0,Stable,Low,High,High
3226,82,34,9,8,0,Increasing,Medium,High,High
3227,52,91,8,0,4,Increasing,High,Low,Low
3228,98,53,1,10,0,Decreasing,High,High,High
3229,82,21,2,5,4,Decreasing,Low,Low,Low
3230,91,46,1,8,4,Decreasing,Medium,High,Low
3231,70,93,7,1,2,Decreasing,High,Low,High
3232,86,91,1,3,0,Stable,Low,Low,Medium
3233,89,42,9,1,1,Decreasing,Medium,Low,Low
3234,83,87,1,3,0,Decreasing,Low,Low,Medium
3235,99,33,0,1,0,Stable,Low,High,High
3236,86,82,6,0,3,Increasing,Medium,Low,Medium
3237,39,84,1,10,1,Decreasing,High,High,Low
3238,69,87,9,2,1,Increasing,Medium,Low,Low
3239,36,82,4,7,3,Decreasing,High,High,Medium
3240,67,83,4,4,3,Increasing,High,High,High
3241,90,51,2,3,0,Decreasing,Low,High,Medium
3242,32,98,2,4,2,Increasing,High,High,High
3243,80,32,2,5,3,Increasing,Medium,High,High
3244,76,85,5,5,1,Decreasing,Medium,High,Medium
3245,97,38,3,4,1,Increasing,Low,Low,Low
3246,67,43,2,10,0,Decreasing,Medium,High,High
3247,65,30,1,5,2,Decreasing,Medium,Low,Low
3248,70,78,2,8,4,Stable,Low,High,High
3249,98,34,3,4,3,Decreasing,Medium,High,Medium
3250,42,29,5,5,3,Decreasing,High,High,Low
3251,87,60,3,3,0,Decreasing,High,Low,High
3252,79,46,7,2,2,Decreasing,High,Low,High
3253,59,79,2,5,1,Stable,High,High,High
3254,91,92,2,10,1,Stable,Medium,High,Low
3255,54,71,2,10,4,Stable,High,High,High
3256,56,47,7,4,1,Stable,High,Low,High
3257,80,84,3,3,3,Increasing,Low,Low,Low
3258,86,36,0,4,4,Decreasing,Medium,High,Medium
3259,76,63,1,6,2,Stable,Low,High,High
3260,68,29,9,0,4,Decreasing,Medium,Low,Medium
3261,45,82,1,0,2,Stable,High,Low,Medium
3262,51,66,2,10,1,Decreasing,High,High,High
3263,83,57,5,0,0,Increasing,Low,Low,Medium
3264,50,89,7,1,4,Stable,High,High,High
3265,45,95,0,8,4,Increasing,High,High,Low
3266,88,72,8,4,3,Increasing,Low,High,High
3267,60,97,0,8,3,Decreasing,High,High,High
3268,71,63,9,4,2,Stable,High,High,Low
3269,61,93,1,6,0,Increasing,Medium,High,Medium
3270,88,73,2,5,3,Decreasing,Medium,High,High
3271,63,39,6,1,3,Decreasing,High,Low,Low
3272,38,98,8,2,1,Decreasing,High,Low,Low
3273,40,50,2,4,1,Increasing,High,High,High
3274,39,26,7,3,3,Decreasing,High,High,Low
3275,46,77,8,10,2,Decreasing,High,High,Medium
3276,97,29,9,5,0,Decreasing,Low,High,Low
3277,77,29,6,7,3,Increasing,Medium,High,Low
3278,81,58,3,7,2,Decreasing,Low,High,Low
3279,54,47,3,2,2,Increasing,High,Low,Low
3280,50,49,3,3,3,Decreasing,High,Low,Low
3281,94,56,5,0,2,Increasing,Medium,Low,High
3282,92,86,3,1,4,Increasing,Low,Low,Low
3283,80,62,4,8,2,Stable,Medium,High,High
3284,65,98,8,9,3,Stable,Low,Low,Low
3285,95,71,6,9,2,Stable,High,Low,Low
3286,44,75,7,1,3,Increasing,High,High,High
3287,68,95,4,5,1,Decreasing,High,High,High
3288,99,87,4,6,3,Decreasing,Low,High,Low
3289,30,28,10,5,2,Increasing,High,Low,High
3290,52,42,6,7,3,Decreasing,High,High,High
3291,68,82,10,8,0,Increasing,Medium,High,Low
3292,86,80,7,7,3,Decreasing,Medium,High,High
3293,63,59,8,4,3,Increasing,High,High,Low
3294,70,63,1,7,0,Stable,Medium,High,High
3295,42,43,2,9,0,Stable,High,Low,Low
3296,99,70,1,9,0,Decreasing,Low,High,Low
3297,35,77,9,8,4,Decreasing,High,Low,Medium
3298,81,52,6,7,3,Decreasing,Medium,Low,Low
3299,32,35,1,1,0,Decreasing,High,Low,Medium
3300,92,41,1,1,0,Stable,Medium,Low,Medium
3301,78,76,1,2,1,Stable,Low,Low,Medium
3302,76,81,3,6,4,Increasing,Medium,High,Low
3303,84,90,0,8,3,Decreasing,High,Low,Medium
3304,93,91,1,7,2,Stable,Low,High,Low
3305,94,89,2,8,4,Increasing,Medium,High,Medium
3306,96,49,6,5,4,Increasing,Low,High,High
3307,44,42,9,0,1,Increasing,High,Low,High
3308,61,51,0,3,3,Stable,Medium,Low,High
3309,97,76,5,5,3,Increasing,Medium,Low,Low
3310,47,28,2,5,0,Decreasing,High,High,Low
3311,72,50,2,7,0,Increasing,Medium,High,Low
3312,64,90,3,0,4,Increasing,Medium,High,Low
3313,87,28,3,10,1,Stable,Low,High,High
3314,62,32,6,1,3,Increasing,High,High,High
3315,43,77,2,1,1,Stable,High,Low,Medium
3316,63,22,7,5,2,Stable,High,High,High
3317,90,54,7,10,3,Decreasing,Medium,Low,High
3318,33,40,10,6,0,Increasing,High,High,High
3319,88,83,6,1,4,Decreasing,Medium,Low,Low
3320,58,71,1,4,1,Decreasing,High,High,Medium
3321,35,53,4,5,0,Increasing,High,High,High
3322,78,54,5,3,4,Increasing,Low,Low,Medium
3323,69,34,9,0,0,Stable,High,Low,High
3324,94,25,3,2,3,Increasing,Medium,High,Medium
3325,98,51,9,9,1,Stable,Medium,High,High
3326,56,71,4,8,2,Decreasing,High,Low,Low
3327,35,47,8,5,0,Decreasing,High,High,High
3328,42,83,10,1,1,Stable,Low,High,Low
3329,93,98,6,8,3,Increasing,Medium,High,Low
3330,91,97,1,3,0,Increasing,Medium,Low,Medium
3331,48,38,10,10,3,Stable,High,Low,Low
3332,72,34,0,7,2,Decreasing,High,High,High
3333,49,25,1,9,2,Stable,High,High,High
3334,97,92,2,6,4,Increasing,Medium,High,High
3335,73,57,10,10,4,Increasing,High,High,Low
3336,52,45,1,2,4,Stable,High,Low,High
3337,31,70,10,7,3,Increasing,High,High,High
3338,51,92,2,3,4,Decreasing,High,High,High
3339,86,72,9,1,1,Stable,Low,Low,Low
3340,36,75,10,10,3,Decreasing,High,High,High
3341,85,78,10,4,3,Decreasing,Medium,Low,Medium
3342,96,89,8,0,4,Stable,Low,Low,Medium
3343,45,97,3,7,4,Stable,High,Low,High
3344,80,77,8,7,3,Increasing,Low,Low,Low
3345,41,32,10,2,2,Increasing,High,Low,High
3346,82,62,2,0,2,Stable,Medium,Low,Low
3347,34,95,0,3,4,Stable,High,Low,Low
3348,56,70,10,8,2,Increasing,High,Low,High
3349,41,38,4,8,1,Increasing,High,Low,Medium
3350,46,40,9,0,1,Increasing,High,Low,Low
3351,35,43,9,10,1,Stable,High,High,High
3352,34,45,1,6,3,Stable,High,High,High
3353,86,64,3,5,3,Increasing,Medium,High,Low
3354,57,47,1,6,3,Decreasing,High,High,High
3355,98,48,1,6,3,Decreasing,Medium,Low,Low
3356,88,36,2,7,3,Increasing,Low,High,Low
3357,62,87,4,7,4,Stable,Low,High,Medium
3358,91,63,3,9,2,Stable,Low,High,High
3359,79,80,1,10,4,Decreasing,Low,High,Low
3360,48,87,10,1,2,Increasing,High,Low,High
3361,98,93,9,3,4,Decreasing,Medium,Low,Medium
3362,95,44,1,3,1,Decreasing,Low,Low,Low
3363,76,86,5,10,0,Increasing,Medium,High,High
3364,68,21,6,9,3,Decreasing,Medium,High,Low
3365,97,68,9,7,0,Stable,Medium,High,Medium
3366,62,89,5,2,0,Decreasing,High,High,Medium
3367,42,45,6,2,1,Increasing,High,Low,Medium
3368,83,91,0,1,0,Stable,Low,Low,Low
3369,36,46,5,0,0,Stable,High,Low,Low
3370,43,37,10,7,1,Decreasing,High,High,High
3371,48,73,2,8,2,Stable,High,High,High
3372,83,20,0,8,4,Increasing,Medium,Low,High
3373,49,80,7,10,0,Decreasing,High,Low,Medium
3374,58,22,3,7,3,Stable,High,High,High
3375,53,87,9,4,1,Increasing,High,High,Low
3376,92,60,7,0,0,Decreasing,Medium,Low,Low
3377,86,56,9,8,2,Increasing,Low,High,Low
3378,37,70,10,5,2,Stable,High,Low,Medium
3379,91,34,3,6,3,Decreasing,Medium,High,Low
3380,58,27,3,7,0,Decreasing,High,High,Low
3381,46,57,9,4,3,Stable,Low,High,Medium
3382,95,75,3,5,2,Increasing,Medium,High,Low
3383,35,66,5,6,2,Stable,High,Low,High
3384,87,29,8,6,4,Decreasing,Low,Low,High
3385,98,97,4,1,2,Decreasing,Medium,Low,High
3386,57,68,9,10,1,Stable,High,High,High
3387,91,60,7,0,4,Increasing,Low,Low,Medium
3388,70,49,7,7,3,Stable,Low,High,Low
3389,98,24,3,4,2,Increasing,Low,High,Low
3390,70,90,10,9,1,Increasing,Low,High,Low
3391,78,50,9,1,4,Decreasing,Medium,Low,Medium
3392,78,71,8,2,1,Increasing,Low,Low,Medium
3393,32,42,8,5,4,Decreasing,High,High,High
3394,39,67,4,9,4,Increasing,High,High,High
3395,64,59,5,5,4,Increasing,Medium,High,Low
3396,31,25,4,7,3,Decreasing,High,Low,Medium
3397,53,57,2,4,4,Increasing,High,High,High
3398,67,60,10,4,4,Stable,High,Low,Low
3399,51,46,7,6,1,Increasing,High,High,High
3400,55,94,8,9,4,Decreasing,High,Low,Medium
3401,72,88,3,4,3,Decreasing,Low,High,Low
3402,84,76,8,8,1,Stable,Medium,High,Low
3403,68,36,8,5,4,Increasing,Medium,High,High
3404,58,90,6,6,1,Stable,High,High,Medium
3405,49,66,7,7,3,Increasing,Low,Low,Medium
3406,70,98,2,4,1,Stable,Low,High,Medium
3407,83,32,4,10,3,Decreasing,Low,High,Medium
3408,49,30,2,3,2,Decreasing,High,Low,High
3409,48,43,6,7,4,Stable,Medium,High,Low
3410,95,92,5,9,3,Increasing,Medium,Low,High
3411,59,23,10,8,4,Increasing,High,Low,Low
3412,82,65,2,0,3,Decreasing,Low,Low,Medium
3413,63,37,8,2,0,Increasing,Medium,Low,Low
3414,51,62,0,3,0,Stable,Medium,Low,Low
3415,96,99,9,6,0,Stable,Medium,High,Low
3416,35,52,2,5,3,Increasing,High,High,Low
3417,56,29,10,9,4,Decreasing,High,High,High
3418,39,92,9,9,0,Decreasing,High,High,Low
3419,77,78,10,10,4,Decreasing,High,Low,Low
3420,99,50,6,0,3,Decreasing,High,High,High
3421,88,47,2,3,4,Decreasing,Low,High,High
3422,88,79,2,5,4,Stable,Low,High,Medium
3423,31,22,1,2,0,Increasing,High,High,Low
3424,58,74,8,1,1,Stable,High,Low,High
3425,97,33,10,1,2,Decreasing,Medium,Low,Medium
3426,94,77,3,9,3,Decreasing,Medium,High,Medium
3427,55,34,9,3,3,Increasing,High,Low,High
3428,39,21,5,0,3,Increasing,High,Low,Low
3429,82,43,1,9,2,Increasing,Medium,High,High
3430,88,97,8,1,1,Stable,Low,Low,Low
3431,51,83,6,9,4,Increasing,High,High,Low
3432,80,90,9,1,3,Stable,Medium,Low,High
3433,77,43,4,3,4,Decreasing,Medium,Low,Low
3434,50,46,6,3,0,Stable,High,Low,Medium
3435,51,56,3,0,0,Increasing,High,High,Medium
3436,59,58,9,6,0,Stable,High,Low,Medium
3437,54,82,6,6,3,Stable,High,Low,Low
3438,57,98,1,9,2,Stable,High,High,Low
3439,94,45,6,10,3,Increasing,Medium,Low,Low
3440,74,84,3,9,0,Stable,Medium,High,Low
3441,97,23,3,9,0,Increasing,Low,High,High
3442,36,48,0,0,3,Stable,High,Low,High
3443,78,20,2,10,2,Stable,Medium,High,Low
3444,38,69,4,7,2,Stable,High,High,Low
3445,65,30,4,9,4,Increasing,High,High,High
3446,30,93,1,6,1,Increasing,High,High,Low
3447,39,78,3,6,0,Increasing,High,High,High
3448,65,81,0,10,2,Decreasing,High,High,Medium
3449,75,55,8,5,0,Increasing,Medium,High,Medium
3450,61,75,0,3,1,Stable,High,Low,Medium
3451,61,40,5,10,0,Decreasing,Low,High,Low
3452,35,32,6,7,2,Increasing,High,Low,Low
3453,77,28,2,1,4,Increasing,Low,Low,High
3454,67,30,0,6,3,Decreasing,Medium,High,Low
3455,46,94,6,2,3,Decreasing,High,Low,Low
3456,56,89,2,2,2,Increasing,High,High,Low
3457,83,20,9,6,2,Decreasing,Low,Low,Medium
3458,79,89,5,2,1,Stable,High,Low,Low
3459,64,96,5,4,0,Stable,High,High,Medium
3460,54,75,3,7,1,Stable,High,High,High
3461,57,50,10,3,3,Increasing,High,Low,Low
3462,44,56,5,6,0,Stable,High,High,High
3463,33,66,10,6,1,Decreasing,High,High,High
3464,56,97,9,1,3,Stable,High,Low,High
3465,55,66,3,7,0,Decreasing,Low,High,Medium
3466,48,88,7,9,4,Stable,High,High,High
3467,46,77,8,9,4,Decreasing,High,Low,High
3468,72,55,1,8,1,Stable,Low,High,Low
3469,70,51,6,5,2,Stable,Low,Low,Medium
3470,71,83,8,4,0,Stable,High,High,Medium
3471,79,90,8,0,1,Decreasing,Low,High,Low
3472,69,61,4,0,2,Decreasing,High,High,High
3473,68,67,0,8,2,Stable,High,High,Low
3474,52,93,5,3,0,Decreasing,High,Low,Medium
3475,81,49,7,0,0,Decreasing,Low,Low,Medium
3476,76,40,0,10,2,Increasing,Medium,High,Low
3477,92,79,1,9,3,Stable,Medium,High,High
3478,98,32,0,2,1,Decreasing,High,Low,Low
3479,72,20,4,5,0,Decreasing,High,High,Medium
3480,77,84,1,10,2,Decreasing,High,High,High
3481,63,52,9,10,3,Decreasing,Low,High,Low
3482,69,57,9,7,4,Increasing,Medium,Low,High
3483,90,44,3,9,2,Decreasing,High,High,Low
3484,79,45,0,1,3,Decreasing,Low,Low,Medium
3485,96,96,6,7,4,Increasing,Low,Low,Medium
3486,91,78,7,0,3,Stable,Low,Low,Low
3487,87,52,4,10,0,Stable,Low,High,Low
3488,62,60,1,1,2,Increasing,High,Low,High
3489,45,49,7,7,4,Stable,High,Low,Low
3490,77,76,0,6,3,Stable,Medium,High,High
3491,39,68,6,4,4,Increasing,High,High,Low
3492,67,67,0,9,1,Decreasing,Low,High,High
3493,48,91,5,1,2,Increasing,Medium,Low,High
3494,65,68,5,8,0,Increasing,Low,High,High
3495,88,66,4,4,4,Increasing,Medium,High,Low
3496,92,75,1,7,3,Increasing,Medium,High,Medium
3497,75,84,1,3,4,Increasing,Low,Low,Low
3498,32,31,8,8,3,Decreasing,High,Low,Low
3499,94,88,4,9,4,Stable,Medium,High,High
3500,37,25,4,6,0,Increasing,High,Low,High
3501,80,84,6,1,0,Decreasing,High,Low,Low
3502,35,44,5,2,2,Increasing,High,Low,High
3503,68,20,1,1,0,Decreasing,Low,High,High
3504,89,51,10,4,4,Stable,Medium,High,Low
3505,57,22,0,1,4,Decreasing,High,Low,High
3506,83,68,4,4,0,Decreasing,Medium,High,High
3507,66,38,3,8,1,Stable,Low,High,High
3508,38,79,2,1,4,Stable,High,High,High
3509,85,48,1,8,2,Decreasing,Medium,High,High
3510,88,69,9,6,1,Increasing,Low,High,High
3511,31,21,1,6,0,Increasing,High,High,High
3512,90,92,3,4,3,Stable,Medium,High,Low
3513,87,75,1,7,4,Increasing,Low,High,Low
3514,89,36,3,6,3,Stable,Low,High,Low
3515,69,79,2,5,2,Decreasing,High,High,Low
3516,65,55,8,1,1,Decreasing,High,Low,Medium
3517,66,80,6,5,3,Increasing,Medium,High,Medium
3518,47,36,10,1,2,Stable,High,Low,Low
3519,92,68,2,0,3,Increasing,Medium,High,Low
3520,51,95,7,8,3,Increasing,Low,High,Low
3521,40,79,8,4,2,Decreasing,High,High,High
3522,87,39,6,9,4,Increasing,High,High,Low
3523,86,69,5,9,3,Decreasing,High,High,High
3524,33,22,3,3,2,Stable,Medium,Low,Low
3525,36,62,4,10,3,Increasing,High,High,High
3526,90,76,7,7,4,Decreasing,Medium,Low,Medium
3527,83,69,2,4,2,Increasing,Medium,High,High
3528,97,87,1,6,3,Stable,Low,Low,High
3529,30,69,2,2,0,Increasing,High,Low,High
3530,84,56,6,7,4,Increasing,Low,High,High
3531,32,65,7,7,3,Decreasing,High,High,High
3532,67,61,0,2,1,Stable,Low,Low,High
3533,30,34,6,8,2,Stable,High,High,Low
3534,67,52,8,7,3,Stable,High,High,High
3535,58,99,2,0,4,Increasing,Low,High,Medium
3536,34,30,2,7,4,Decreasing,High,High,High
3537,50,39,7,10,1,Increasing,Medium,High,High
3538,96,43,3,3,1,Increasing,Medium,Low,Low
3539,76,83,7,5,3,Increasing,Medium,High,Medium
3540,64,99,4,9,0,Stable,High,High,High
3541,97,84,2,8,4,Decreasing,Medium,High,High
3542,98,92,3,4,0,Stable,High,High,High
3543,30,95,3,6,0,Increasing,High,High,Medium
3544,97,36,7,0,3,Increasing,Medium,Low,High
3545,41,80,5,8,2,Decreasing,High,High,Medium
3546,89,34,6,5,2,Stable,Low,High,Low
3547,56,70,8,10,2,Increasing,High,High,Low
3548,85,46,5,3,1,Increasing,Low,Low,Medium
3549,52,93,2,5,4,Decreasing,High,High,Low
3550,54,80,2,4,1,Increasing,High,High,High
3551,50,77,10,2,4,Stable,High,Low,Medium
3552,90,50,2,6,4,Stable,Low,High,High
3553,92,31,9,2,4,Increasing,Low,Low,High
3554,81,65,1,1,3,Increasing,Low,Low,Medium
3555,54,50,0,3,2,Increasing,Low,High,Low
3556,84,51,10,6,1,Decreasing,Low,High,High
3557,75,51,9,4,1,Decreasing,Medium,High,High
3558,61,72,0,8,3,Stable,Medium,High,Low
3559,84,80,3,9,4,Stable,Low,High,Medium
3560,34,65,2,6,2,Increasing,Medium,High,High
3561,65,93,4,8,0,Increasing,Low,High,High
3562,78,99,8,8,0,Increasing,Low,Low,Low
3563,87,26,7,1,3,Decreasing,Low,Low,Medium
3564,68,23,8,0,2,Decreasing,High,Low,High
3565,90,71,4,10,0,Increasing,Low,High,Low
3566,38,50,7,3,0,Increasing,High,Low,Medium
3567,35,94,3,3,1,Stable,High,Low,Medium
3568,64,55,4,1,2,Decreasing,High,Low,Low
3569,68,73,2,2,0,Increasing,Low,High,High
3570,51,73,4,2,1,Decreasing,High,Low,Low
3571,70,36,2,4,2,Increasing,Medium,High,Low
3572,34,94,4,0,4,Increasing,High,High,High
3573,71,49,10,8,2,Stable,Medium,Low,Low
3574,96,41,4,7,3,Stable,Medium,High,Low
3575,59,62,5,7,1,Stable,High,Low,Low
3576,86,46,8,2,4,Increasing,Low,Low,Medium
3577,58,56,0,1,1,Stable,High,High,High
3578,66,65,9,0,1,Increasing,Low,Low,Low
3579,42,54,5,5,0,Decreasing,High,Low,High
3580,61,23,0,9,2,Decreasing,High,High,High
3581,75,99,5,0,1,Increasing,Medium,Low,Low
3582,52,99,1,10,1,Stable,High,High,Low
3583,74,45,7,4,3,Stable,High,High,High
3584,46,38,10,8,3,Decreasing,High,High,Low
3585,95,64,2,10,3,Increasing,Medium,High,High
3586,35,45,9,8,1,Increasing,Low,Low,Low
3587,47,41,5,3,4,Increasing,High,Low,Low
3588,51,77,5,6,2,Decreasing,High,High,High
3589,62,82,3,10,1,Decreasing,Low,High,High
3590,59,47,4,6,0,Stable,High,High,Low
3591,61,84,1,3,4,Increasing,Medium,Low,Medium
3592,71,63,9,4,4,Increasing,Low,Low,Medium
3593,39,62,9,10,2,Increasing,High,Low,Low
3594,65,56,7,8,4,Increasing,Medium,Low,Low
3595,63,85,9,6,2,Decreasing,High,High,Low
3596,57,36,6,6,4,Stable,High,High,Low
3597,40,59,9,9,2,Decreasing,High,High,High
3598,68,57,5,6,3,Stable,High,High,High
3599,76,80,6,8,3,Increasing,Low,Low,Low
3600,48,28,0,4,4,Increasing,High,High,Low
3601,44,96,4,5,4,Increasing,High,High,Low
3602,57,94,6,2,2,Increasing,Medium,Low,Medium
3603,53,80,0,0,2,Increasing,High,Low,Low
3604,38,99,1,10,1,Decreasing,High,High,High
3605,76,35,8,1,3,Stable,Medium,Low,High
3606,62,21,2,7,1,Decreasing,Low,High,High
3607,91,91,5,0,1,Increasing,Low,High,Low
3608,48,62,6,9,0,Stable,Low,High,Low
3609,96,61,8,6,2,Stable,High,High,High
3610,69,96,4,4,0,Increasing,High,High,High
3611,76,76,3,5,0,Stable,Medium,High,Low
3612,94,86,10,7,1,Decreasing,Low,High,Low
3613,58,49,1,3,0,Decreasing,High,Low,High
3614,79,32,2,5,2,Decreasing,Low,High,Low
3615,42,38,4,10,1,Decreasing,High,High,Low
3616,30,26,10,2,2,Stable,High,Low,High
3617,63,28,1,6,4,Decreasing,Low,High,High
3618,77,73,3,1,0,Stable,Medium,High,Low
3619,77,80,0,7,1,Increasing,Low,High,High
3620,78,21,3,6,3,Decreasing,Medium,High,High
3621,93,69,6,7,2,Increasing,Medium,High,Low
3622,90,94,2,1,0,Decreasing,Low,Low,Low
3623,58,50,9,2,2,Increasing,Medium,Low,Low
3624,68,52,7,3,2,Increasing,Medium,Low,Low
3625,55,97,5,8,4,Increasing,High,Low,Low
3626,46,99,5,4,2,Increasing,High,Low,High
3627,42,30,0,5,4,Increasing,High,Low,High
3628,98,52,4,0,4,Stable,Low,Low,Medium
3629,55,26,2,3,4,Stable,High,Low,Low
3630,78,50,9,3,0,Decreasing,Low,Low,Low
3631,96,67,0,9,2,Stable,Medium,High,Medium
3632,36,66,7,7,2,Increasing,High,High,High
3633,87,97,6,7,4,Stable,Low,High,Low
3634,78,72,6,9,2,Stable,High,High,High
3635,82,99,9,5,2,Increasing,Low,High,High
3636,94,38,9,7,4,Stable,Medium,Low,Low
3637,91,25,9,8,3,Increasing,Medium,High,High
3638,46,68,3,4,3,Stable,High,High,High
3639,72,92,10,0,4,Increasing,Low,Low,Low
3640,54,69,5,0,0,Decreasing,High,Low,Low
3641,32,31,8,1,2,Stable,High,Low,High
3642,58,42,2,1,2,Decreasing,High,Low,Low
3643,61,73,8,4,3,Increasing,Medium,High,Low
3644,55,88,3,6,4,Increasing,High,Low,High
3645,45,78,4,6,0,Decreasing,High,High,Low
3646,54,55,6,3,4,Increasing,High,Low,High
3647,83,22,5,3,3,Increasing,Medium,Low,High
3648,57,77,9,10,3,Increasing,Medium,High,Medium
3649,85,74,7,9,2,Increasing,Low,High,Low
3650,94,76,7,2,1,Increasing,Medium,Low,High
3651,70,36,7,10,0,Increasing,Medium,High,Low
3652,80,58,2,1,0,Increasing,High,High,Low
3653,58,87,9,2,1,Increasing,High,Low,Medium
3654,48,74,5,7,3,Decreasing,Low,Low,Low
3655,95,64,6,0,4,Stable,Medium,Low,Medium
3656,70,95,8,3,0,Increasing,Medium,Low,Medium
3657,74,20,9,6,1,Decreasing,Low,High,High
3658,44,40,9,4,2,Increasing,High,High,High
3659,32,40,3,1,2,Stable,High,Low,High
3660,40,71,4,0,3,Increasing,High,Low,Low
3661,82,62,7,5,0,Decreasing,Medium,Low,High
3662,75,71,0,4,4,Decreasing,Medium,High,High
3663,59,86,5,2,0,Stable,High,Low,Medium
3664,86,63,3,10,2,Increasing,Medium,High,Medium
3665,47,51,4,10,0,Decreasing,High,High,High
3666,80,29,10,10,2,Stable,Medium,Low,High
3667,77,83,4,8,1,Stable,Medium,High,High
3668,95,98,1,2,1,Increasing,Low,High,Low
3669,37,88,7,1,2,Decreasing,High,Low,High
3670,51,87,1,4,4,Increasing,High,High,High
3671,35,47,3,8,4,Increasing,High,High,High
3672,86,72,4,7,0,Increasing,Medium,High,Low
3673,65,70,0,5,2,Decreasing,High,High,Low
3674,86,72,5,2,3,Stable,Medium,High,Low
3675,78,23,1,5,4,Increasing,Low,Low,Medium
3676,74,98,4,4,4,Increasing,High,High,High
3677,95,36,5,0,1,Decreasing,Low,High,Medium
3678,74,86,10,4,4,Increasing,Medium,High,Medium
3679,49,93,7,6,4,Stable,High,Low,Medium
3680,93,66,8,8,4,Increasing,Low,Low,Medium
3681,96,75,5,0,2,Stable,Low,Low,Medium
3682,32,42,4,2,2,Increasing,Medium,Low,High
3683,83,37,3,7,1,Increasing,Low,High,High
3684,93,20,1,5,0,Increasing,Low,High,High
3685,69,54,1,4,4,Stable,High,High,High
3686,88,83,6,9,0,Increasing,Low,High,Medium
3687,84,77,4,1,2,Increasing,Low,Low,Medium
3688,91,78,6,2,4,Increasing,Medium,Low,High
3689,33,20,10,1,0,Stable,Medium,High,High
3690,89,22,0,0,0,Increasing,Low,Low,High
3691,59,86,0,6,3,Decreasing,High,High,High
3692,31,56,4,2,2,Stable,Medium,High,High
3693,91,48,1,6,1,Decreasing,Low,High,Low
3694,78,52,7,6,1,Increasing,Low,High,Low
3695,38,80,2,7,3,Stable,High,High,Low
3696,60,23,0,0,0,Stable,High,Low,Medium
3697,90,33,1,4,3,Increasing,Medium,High,High
3698,77,52,9,9,3,Decreasing,High,Low,High
3699,54,41,9,8,2,Stable,High,High,Low
3700,65,67,6,10,4,Stable,Medium,High,Low
3701,37,22,5,6,0,Stable,High,Low,Low
3702,87,42,7,0,1,Stable,Low,Low,Medium
3703,74,87,6,7,1,Stable,Low,Low,Medium
3704,91,40,9,2,3,Increasing,Low,Low,High
3705,68,62,7,3,3,Stable,Medium,High,Low
3706,87,45,2,3,3,Decreasing,Medium,High,High
3707,93,60,5,9,0,Stable,Medium,High,Medium
3708,73,57,6,7,3,Increasing,Medium,High,High
3709,58,30,9,0,3,Increasing,High,High,Low
3710,88,48,10,7,4,Decreasing,Medium,High,High
3711,38,79,0,8,0,Stable,High,High,Low
3712,35,86,0,8,2,Decreasing,High,High,High
3713,58,84,6,4,2,Decreasing,High,High,Medium
3714,87,80,10,3,4,Decreasing,Low,Low,Medium
3715,46,38,2,3,1,Decreasing,High,High,Low
3716,45,65,2,8,2,Stable,High,High,Low
3717,32,68,4,7,0,Increasing,Medium,High,Medium
3718,50,41,10,9,1,Increasing,High,High,Medium
3719,93,97,5,9,3,Stable,Low,High,High
3720,65,76,1,6,0,Decreasing,Medium,High,High
3721,91,33,2,2,1,Stable,Low,Low,Medium
3722,71,63,5,3,2,Decreasing,High,Low,Low
3723,71,35,2,8,3,Decreasing,Low,High,Medium
3724,90,96,4,7,3,Stable,High,High,Medium
3725,42,31,8,0,0,Stable,High,Low,Low
3726,40,74,2,2,3,Decreasing,High,Low,Low
3727,83,70,10,9,1,Decreasing,Medium,High,Medium
3728,45,58,5,1,4,Decreasing,High,Low,Medium
3729,37,52,10,1,2,Decreasing,High,Low,Low
3730,88,52,4,7,0,Stable,Medium,High,Medium
3731,86,48,4,5,4,Increasing,Medium,High,High
3732,69,88,10,5,4,Increasing,Low,High,Low
3733,88,89,5,3,0,Decreasing,High,Low,Low
3734,31,50,5,0,1,Increasing,Low,Low,Low
3735,39,99,0,10,2,Increasing,Medium,High,High
3736,73,50,10,6,0,Increasing,Medium,High,Medium
3737,40,65,8,7,4,Increasing,High,High,High
3738,31,96,4,1,4,Increasing,High,High,High
3739,79,71,0,1,0,Increasing,Low,High,Medium
3740,41,29,7,0,4,Decreasing,High,Low,High
3741,52,93,6,3,0,Decreasing,Medium,Low,Medium
3742,47,60,6,5,0,Decreasing,High,High,Low
3743,91,96,4,4,2,Stable,Low,High,Low
3744,91,22,0,3,0,Increasing,Medium,Low,High
3745,67,78,8,3,4,Increasing,Low,Low,Medium
3746,96,71,10,9,3,Stable,Medium,Low,Medium
3747,67,53,8,6,2,Increasing,Medium,Low,High
3748,96,68,7,6,4,Decreasing,Low,High,High
3749,90,47,4,1,4,Decreasing,Low,Low,Low
3750,30,32,2,6,2,Stable,High,High,High
3751,74,88,7,1,2,Decreasing,Medium,Low,Medium
3752,57,86,0,3,4,Stable,High,High,High
3753,50,80,2,0,3,Decreasing,High,Low,High
3754,42,79,10,4,1,Increasing,High,High,High
3755,56,90,6,0,4,Decreasing,High,Low,Low
3756,36,43,3,3,2,Stable,High,Low,Low
3757,51,82,6,8,0,Increasing,High,High,Low
3758,82,80,10,7,0,Stable,Medium,High,Medium
3759,33,42,4,5,2,Increasing,High,High,Low
3760,52,49,5,7,2,Increasing,Low,High,High
3761,99,79,6,4,1,Decreasing,Medium,Low,Low
3762,62,37,9,6,2,Decreasing,Low,Low,Medium
3763,57,75,6,7,0,Increasing,High,High,Low
3764,37,72,6,6,3,Decreasing,High,High,High
3765,30,26,6,3,2,Decreasing,High,Low,Low
3766,66,88,10,4,1,Stable,Low,High,Medium
3767,92,91,6,9,3,Decreasing,Medium,High,High
3768,51,98,2,5,1,Increasing,High,High,Medium
3769,99,71,2,10,3,Decreasing,High,Low,High
3770,50,23,6,5,2,Increasing,Low,High,High
3771,64,53,1,8,0,Increasing,Low,High,Medium
3772,34,88,1,9,3,Stable,Medium,High,High
3773,89,52,2,1,4,Increasing,Medium,Low,High
3774,75,88,3,5,1,Increasing,Medium,High,Medium
3775,79,57,5,2,3,Stable,Medium,Low,High
3776,77,45,7,1,1,Increasing,Low,Low,Medium
3777,35,20,9,5,0,Stable,High,High,High
3778,85,23,9,3,1,Increasing,Medium,Low,High
3779,88,58,6,4,1,Decreasing,Medium,High,Low
3780,58,73,3,4,4,Stable,High,High,Low
3781,47,52,1,2,1,Stable,High,Low,Low
3782,31,52,1,3,3,Increasing,High,Low,High
3783,37,91,3,2,1,Stable,Low,Low,Low
3784,83,39,5,6,2,Increasing,Medium,High,Medium
3785,67,35,2,0,1,Stable,Low,Low,High
3786,77,40,5,5,2,Stable,Low,Low,Low
3787,56,64,4,3,1,Decreasing,High,Low,Low
3788,49,81,4,0,1,Increasing,Medium,High,Low
3789,41,50,1,0,3,Decreasing,High,Low,High
3790,72,61,7,4,2,Stable,Medium,High,Medium
3791,90,31,4,4,2,Increasing,Low,High,High
3792,60,84,10,9,4,Decreasing,High,High,High
3793,90,92,1,6,1,Stable,Low,High,Low
3794,96,22,6,3,1,Decreasing,Low,Low,Medium
3795,64,28,8,8,3,Stable,Low,High,High
3796,44,70,8,3,4,Stable,High,Low,High
3797,45,35,0,6,4,Increasing,High,High,High
3798,42,97,6,4,3,Increasing,High,Low,Low
3799,64,22,8,4,2,Increasing,Low,High,Medium
3800,88,43,5,5,0,Stable,Low,High,High
3801,50,92,0,7,3,Decreasing,High,High,High
3802,83,32,1,4,2,Increasing,Medium,High,Medium
3803,59,21,3,2,4,Increasing,High,Low,Low
3804,77,90,3,5,3,Increasing,Low,High,Medium
3805,64,40,1,1,0,Increasing,Low,High,High
3806,67,38,7,7,1,Stable,High,High,High
3807,60,66,1,7,3,Decreasing,High,High,Low
3808,53,41,2,2,0,Stable,High,Low,High
3809,78,94,3,7,0,Stable,Medium,High,Low
3810,61,52,8,8,3,Stable,Low,Low,Medium
3811,84,51,9,4,2,Increasing,Low,High,Low
3812,87,83,0,4,3,Decreasing,Low,High,High
3813,32,58,7,5,4,Stable,High,High,High
3814,98,91,4,6,0,Stable,Low,Low,Medium
3815,39,61,6,2,0,Stable,High,Low,Medium
3816,54,28,7,4,1,Increasing,High,Low,High
3817,97,44,4,0,0,Increasing,Low,High,Medium
3818,90,21,7,10,1,Stable,Low,High,Medium
3819,58,38,9,9,0,Increasing,Low,Low,Low
3820,48,39,10,4,0,Decreasing,High,High,High
3821,72,89,7,3,3,Increasing,Low,Low,Low
3822,95,36,8,0,3,Stable,Low,Low,Medium
3823,90,87,1,6,4,Decreasing,Low,High,Low
3824,72,22,2,0,2,Increasing,Low,High,High
3825,54,70,0,7,4,Stable,High,High,High
3826,49,45,3,9,0,Decreasing,High,High,Medium
3827,77,75,4,1,4,Decreasing,Low,Low,Medium
3828,53,83,10,9,3,Decreasing,High,Low,Medium
3829,40,27,0,4,0,Increasing,High,High,Low
3830,84,56,7,5,0,Decreasing,Low,High,Low
3831,57,46,1,8,4,Increasing,High,High,Low
3832,98,64,0,6,1,Stable,Low,High,Low
3833,92,23,1,5,2,Increasing,Low,High,High
3834,88,56,4,4,4,Increasing,Low,High,Low
3835,34,90,8,5,4,Stable,High,High,Low
3836,80,52,8,10,2,Increasing,Low,Low,High
3837,50,50,1,3,0,Increasing,High,High,High
3838,41,74,1,0,0,Stable,High,Low,Medium
3839,79,31,2,8,1,Decreasing,Medium,High,High
3840,33,30,6,10,4,Stable,Medium,High,High
3841,71,91,10,4,2,Decreasing,Medium,High,Low
3842,67,51,2,7,4,Increasing,High,Low,High
3843,54,76,0,6,3,Stable,High,High,High
3844,43,57,5,7,4,Decreasing,High,High,Low
3845,61,79,2,0,4,Increasing,Medium,Low,High
3846,40,38,0,8,3,Increasing,Low,High,Low
3847,90,75,3,0,3,Increasing,Low,Low,Medium
3848,47,33,0,2,2,Decreasing,High,Low,High
3849,56,52,0,7,0,Decreasing,High,High,High
3850,84,29,1,10,1,Decreasing,Low,High,Low
3851,83,99,9,0,3,Increasing,Low,Low,Low
3852,50,83,7,0,0,Decreasing,High,Low,Low
3853,73,83,1,5,2,Stable,High,High,High
3854,34,81,10,4,4,Decreasing,High,Low,Low
3855,70,87,1,10,2,Decreasing,High,High,Medium
3856,88,62,10,5,2,Increasing,Medium,High,Low
3857,83,99,10,2,3,Stable,Medium,Low,Medium
3858,51,78,9,9,1,Stable,Low,Low,Medium
3859,94,71,9,9,3,Stable,High,High,High
3860,93,38,7,5,4,Decreasing,Low,High,High
3861,33,40,5,1,3,Increasing,High,High,High
3862,94,41,10,7,4,Decreasing,Low,Low,Low
3863,44,28,3,5,3,Increasing,Medium,High,Medium
3864,51,28,2,3,1,Stable,High,High,High
3865,76,92,0,3,0,Decreasing,Medium,High,Medium
3866,75,46,10,10,1,Increasing,Medium,High,High
3867,43,36,2,6,3,Decreasing,High,High,Low
3868,79,63,8,2,2,Increasing,Low,Low,Medium
3869,49,64,4,10,0,Stable,Medium,Low,Medium
3870,79,27,5,2,2,Decreasing,Low,Low,Medium
3871,62,99,4,5,1,Stable,Low,High,High
3872,88,37,0,8,0,Decreasing,Low,High,High
3873,72,52,9,0,3,Decreasing,Low,Low,Medium
3874,41,20,0,4,2,Increasing,High,High,Low
3875,69,95,3,0,3,Increasing,Medium,High,Low
3876,49,25,2,0,4,Increasing,Low,High,Low
3877,67,60,10,2,0,Stable,Medium,Low,Low
3878,32,74,7,2,2,Stable,High,Low,High
3879,57,24,6,3,1,Decreasing,High,Low,High
3880,85,78,10,2,1,Increasing,Medium,High,High
3881,42,99,6,5,1,Stable,High,High,Medium
3882,95,37,7,3,1,Decreasing,High,Low,Medium
3883,66,68,9,7,2,Stable,Low,High,Low
3884,78,84,6,0,4,Decreasing,Medium,Low,Medium
3885,95,73,9,7,1,Increasing,Low,High,Medium
3886,65,80,1,10,1,Decreasing,High,High,Medium
3887,83,27,3,0,1,Decreasing,High,Low,High
3888,55,22,10,10,4,Increasing,High,Low,Low
3889,69,44,5,0,0,Increasing,Low,Low,Low
3890,72,88,2,6,1,Decreasing,Low,High,Medium
3891,51,74,2,0,1,Stable,High,Low,Low
3892,49,59,5,8,1,Increasing,Low,High,Medium
3893,37,69,0,7,0,Decreasing,Medium,Low,Medium
3894,58,52,0,0,1,Increasing,High,Low,High
3895,69,37,4,1,0,Increasing,Medium,Low,High
3896,59,76,0,1,0,Stable,High,Low,Low
3897,84,35,9,1,3,Increasing,Medium,Low,High
3898,45,99,7,5,3,Decreasing,High,Low,Low
3899,75,57,1,3,1,Decreasing,Medium,High,Low
3900,91,60,5,7,2,Increasing,Medium,Low,High
3901,36,26,9,0,3,Increasing,Low,High,High
3902,74,97,9,9,3,Stable,Low,High,Low
3903,88,72,4,3,2,Stable,Medium,Low,Low
3904,85,82,9,9,4,Stable,Low,Low,Medium
3905,77,51,3,10,1,Decreasing,Low,High,Medium
3906,56,57,0,4,4,Stable,High,High,Low
3907,82,41,2,8,4,Decreasing,Low,High,High
3908,64,35,3,4,0,Stable,High,Low,High
3909,80,71,1,10,0,Decreasing,High,High,Low
3910,66,48,1,2,1,Increasing,Medium,High,High
3911,86,35,1,10,2,Decreasing,Medium,High,High
3912,37,95,10,3,0,Increasing,High,Low,Medium
3913,49,36,0,9,3,Decreasing,High,High,High
3914,82,83,9,6,1,Decreasing,Low,High,Low
3915,41,32,1,0,4,Increasing,High,Low,High
3916,78,91,5,10,1,Decreasing,Low,High,Low
3917,46,75,2,5,0,Decreasing,High,High,High
3918,93,24,9,7,2,Stable,Low,High,High
3919,71,31,4,0,4,Increasing,High,High,Low
3920,58,60,0,7,2,Increasing,Low,High,Low
3921,48,22,7,6,1,Stable,High,High,High
3922,40,52,3,0,2,Stable,High,Low,Medium
3923,79,69,8,8,2,Increasing,Low,High,High
3924,87,75,3,10,1,Increasing,Low,High,Low
3925,63,28,1,2,4,Increasing,High,Low,Low
3926,49,69,2,1,2,Stable,High,Low,Low
3927,79,48,4,6,2,Stable,High,High,Low
3928,39,58,9,10,1,Decreasing,High,High,High
3929,61,64,5,2,3,Stable,High,Low,High
3930,81,36,6,0,2,Decreasing,Medium,Low,High
3931,44,75,3,9,0,Decreasing,High,High,High
3932,32,65,6,2,4,Stable,High,Low,Low
3933,66,86,9,5,2,Stable,Low,Low,Medium
3934,69,88,2,2,1,Stable,Medium,Low,High
3935,69,33,6,4,0,Stable,High,Low,Low
3936,85,86,3,8,1,Increasing,Low,High,Low
3937,52,42,7,6,2,Stable,High,High,High
3938,40,80,8,1,0,Decreasing,High,Low,Medium
3939,93,42,6,0,4,Decreasing,Low,Low,High
3940,37,46,7,6,4,Increasing,High,High,High
3941,85,73,7,3,4,Increasing,Medium,Low,Medium
3942,89,29,1,10,3,Stable,Medium,High,Low
3943,39,96,8,6,1,Increasing,Low,High,Low
3944,68,35,5,5,2,Stable,Medium,High,Low
3945,57,60,10,6,0,Stable,High,Low,High
3946,78,74,3,3,1,Increasing,Low,High,Medium
3947,65,80,4,2,2,Increasing,Low,Low,Medium
3948,42,68,9,4,3,Decreasing,High,High,Low
3949,65,92,4,2,2,Increasing,High,High,High
3950,55,71,6,2,1,Increasing,Low,Low,Medium
3951,33,21,8,3,2,Increasing,Low,Low,High
3952,93,69,6,7,0,Decreasing,Medium,High,Low
3953,67,62,8,1,3,Stable,Low,Low,Medium
3954,51,96,3,3,0,Decreasing,High,High,Medium
3955,31,27,9,10,3,Increasing,High,Low,High
3956,60,78,9,2,3,Increasing,Medium,Low,Medium
3957,40,84,3,6,2,Increasing,Medium,High,Medium
3958,75,31,5,1,0,Stable,Low,Low,Low
3959,91,23,7,0,3,Decreasing,Low,High,High
3960,98,96,8,9,3,Decreasing,High,High,Low
3961,93,60,0,0,2,Stable,Medium,Low,Medium
3962,39,26,0,5,1,Decreasing,High,High,High
3963,69,88,7,2,1,Stable,High,Low,Low
3964,53,88,10,6,4,Stable,High,High,High
3965,73,49,6,7,4,Decreasing,Low,High,High
3966,89,92,8,4,3,Decreasing,Low,High,Low
3967,91,25,10,4,1,Stable,Low,High,Medium
3968,46,38,2,1,3,Decreasing,High,High,Low
3969,94,99,9,7,0,Stable,Low,High,Low
3970,86,85,4,9,1,Decreasing,High,High,Medium
3971,84,29,2,0,1,Decreasing,Medium,Low,Medium
3972,82,35,4,9,1,Decreasing,Medium,High,High
3973,85,56,9,8,4,Decreasing,Medium,Low,Medium
3974,38,98,0,0,2,Decreasing,High,Low,High
3975,51,96,10,0,2,Increasing,High,Low,High
3976,42,96,3,0,4,Increasing,High,Low,High
3977,77,51,5,6,4,Decreasing,High,High,High
3978,47,66,1,3,4,Decreasing,High,High,High
3979,69,91,6,6,2,Decreasing,Medium,High,Medium
3980,46,62,7,4,3,Stable,High,High,Low
3981,44,55,0,6,4,Increasing,High,Low,High
3982,44,45,3,9,3,Stable,High,Low,High
3983,92,29,10,6,3,Increasing,Medium,High,Low
3984,68,50,3,3,0,Increasing,Medium,Low,Low
3985,42,48,4,1,2,Decreasing,High,Low,Low
3986,61,24,3,7,3,Decreasing,High,High,High
3987,38,96,8,1,2,Stable,High,Low,Low
3988,69,20,6,8,2,Stable,High,High,High
3989,49,22,1,4,0,Decreasing,High,High,High
3990,92,86,0,8,2,Decreasing,Medium,High,Medium
3991,73,90,8,8,3,Increasing,Low,High,Medium
3992,67,54,0,7,1,Increasing,Low,High,Medium
3993,89,34,5,7,3,Decreasing,Low,Low,Low
3994,77,86,1,3,3,Increasing,Medium,Low,Low
3995,47,49,3,3,2,Stable,High,Low,High
3996,45,94,5,1,3,Increasing,High,High,Low
3997,84,62,4,3,1,Decreasing,High,Low,Medium
3998,68,79,10,3,2,Increasing,Medium,Low,Medium
3999,97,59,5,5,4,Decreasing,High,High,Medium
4000,88,84,2,2,3,Increasing,Medium,Low,Low
4001,91,48,4,1,3,Stable,Medium,High,High
4002,42,93,1,7,0,Stable,High,High,Low
4003,35,38,6,1,4,Decreasing,High,High,High
4004,89,22,2,7,4,Decreasing,High,High,Low
4005,43,55,0,6,1,Decreasing,High,High,Low
4006,83,62,7,2,4,Increasing,Low,Low,Low
4007,33,34,7,5,0,Increasing,High,High,Low
4008,68,60,2,5,1,Increasing,High,High,High
4009,54,99,6,9,4,Stable,High,Low,High
4010,61,55,8,4,1,Decreasing,High,High,Low
4011,88,96,7,7,4,Increasing,Low,High,Medium
4012,92,52,2,10,4,Stable,Low,High,Low
4013,67,24,1,4,4,Decreasing,Low,High,High
4014,82,97,9,6,3,Stable,Low,High,Low
4015,96,33,6,5,4,Decreasing,High,High,Low
4016,57,87,6,10,3,Increasing,High,High,High
4017,32,66,8,6,2,Stable,High,Low,Medium
4018,51,73,4,8,0,Stable,Low,High,Medium
4019,67,23,3,2,1,Stable,High,Low,Low
4020,91,28,7,9,1,Decreasing,Medium,High,High
4021,86,72,3,6,2,Decreasing,High,High,High
4022,35,96,3,9,4,Stable,High,High,High
4023,61,97,1,2,0,Decreasing,Medium,Low,High
4024,39,79,0,1,2,Stable,High,Low,Medium
4025,32,65,3,6,2,Increasing,High,High,Low
4026,88,73,6,3,1,Stable,High,Low,Medium
4027,78,93,8,0,3,Stable,Low,Low,Medium
4028,88,56,8,5,3,Decreasing,High,High,High
4029,60,42,9,10,4,Decreasing,High,High,High
4030,98,46,0,5,4,Decreasing,Low,High,High
4031,91,89,4,5,2,Increasing,Medium,High,Medium
4032,81,85,6,1,4,Increasing,Medium,Low,Low
4033,70,80,6,0,3,Increasing,Low,Low,Medium
4034,60,96,9,2,0,Decreasing,High,Low,Low
4035,51,70,5,1,1,Stable,High,Low,Medium
4036,33,69,10,5,3,Stable,High,High,High
4037,42,38,9,5,4,Stable,High,High,Low
4038,74,20,3,4,1,Decreasing,High,High,High
4039,71,59,2,9,1,Decreasing,Low,High,Medium
4040,78,51,8,9,2,Increasing,Low,Low,Low
4041,49,41,9,4,4,Decreasing,High,High,High
4042,83,85,3,8,2,Stable,Medium,High,High
4043,65,59,7,4,1,Increasing,High,High,Medium
4044,30,57,0,9,2,Increasing,High,High,High
4045,44,67,6,5,4,Decreasing,High,High,High
4046,46,74,5,10,3,Increasing,High,High,Low
4047,53,94,0,3,0,Increasing,Medium,Low,Medium
4048,87,74,3,9,3,Decreasing,Medium,High,Low
4049,52,70,4,0,1,Increasing,High,High,Low
4050,75,79,10,3,3,Stable,High,Low,Low
4051,37,27,7,1,2,Decreasing,High,Low,Low
4052,88,87,3,9,4,Stable,Medium,High,Low
4053,88,94,2,2,3,Stable,Medium,Low,Medium
4054,42,91,1,6,3,Stable,High,High,High
4055,68,28,3,6,4,Stable,Low,High,High
4056,57,21,10,0,2,Increasing,High,Low,Low
4057,90,99,9,7,0,Increasing,Medium,Low,Medium
4058,45,89,3,6,3,Decreasing,High,High,Low
4059,31,78,9,0,1,Decreasing,High,Low,Medium
4060,46,38,4,7,2,Stable,High,High,Low
4061,59,47,6,1,2,Stable,High,Low,Low
4062,42,91,8,7,3,Decreasing,High,High,Low
4063,42,33,1,2,4,Decreasing,High,Low,Low
4064,72,43,4,9,3,Decreasing,Low,High,Low
4065,50,63,10,6,3,Decreasing,High,High,High
4066,84,75,9,5,4,Stable,Low,Low,Low
4067,69,70,8,4,1,Decreasing,Medium,High,High
4068,44,51,2,10,4,Increasing,Low,High,Low
4069,81,69,0,9,3,Stable,Medium,High,High
4070,82,60,1,10,0,Increasing,Medium,High,Medium
4071,81,85,5,1,4,Decreasing,Low,High,Low
4072,59,44,4,1,1,Increasing,Medium,Low,Low
4073,62,80,0,0,4,Decreasing,Low,Low,Medium
4074,86,85,0,8,4,Increasing,Medium,High,High
4075,81,61,10,10,2,Stable,Medium,High,Low
4076,38,84,3,7,2,Increasing,Medium,High,High
4077,83,55,3,7,3,Stable,Low,High,High
4078,30,95,5,0,3,Increasing,High,Low,Medium
4079,73,28,5,4,4,Increasing,Low,High,High
4080,38,55,9,5,0,Stable,High,High,Medium
4081,61,57,5,1,3,Stable,High,Low,High
4082,44,52,0,9,4,Decreasing,High,High,High
4083,41,61,9,4,4,Stable,High,Low,Low
4084,86,80,8,5,4,Stable,Low,High,Low
4085,37,65,10,8,4,Decreasing,High,High,Low
4086,56,80,6,9,4,Stable,High,High,Low
4087,91,37,6,0,2,Stable,Low,Low,High
4088,41,89,10,9,1,Increasing,High,High,Medium
4089,94,99,6,2,1,Decreasing,Low,Low,Low
4090,71,34,1,8,4,Decreasing,High,High,High
4091,91,67,1,0,3,Increasing,Medium,High,High
4092,40,91,5,0,0,Decreasing,High,Low,Medium
4093,72,32,6,0,4,Increasing,Medium,Low,Medium
4094,46,62,2,6,0,Stable,High,High,High
4095,61,79,3,4,2,Decreasing,High,High,High
4096,69,76,2,5,1,Stable,Medium,High,Low
4097,52,90,6,7,2,Decreasing,High,High,High
4098,85,36,6,1,3,Stable,Low,Low,Medium
4099,35,69,3,1,3,Decreasing,High,Low,Medium
4100,79,51,6,2,4,Decreasing,Low,Low,Low
4101,66,41,4,2,3,Stable,Low,High,Low
4102,93,74,0,2,3,Increasing,Medium,Low,High
4103,83,76,9,3,2,Decreasing,Low,Low,High
4104,78,32,3,2,0,Increasing,Medium,Low,Medium
4105,40,66,6,1,1,Increasing,High,Low,High
4106,78,81,1,8,3,Increasing,Medium,High,Medium
4107,50,73,1,5,3,Increasing,High,High,High
4108,95,48,0,2,2,Increasing,Medium,Low,High
4109,92,41,1,8,1,Increasing,Medium,High,High
4110,57,84,9,3,2,Decreasing,High,Low,High
4111,46,48,7,3,0,Increasing,High,Low,High
4112,35,67,10,7,2,Decreasing,High,Low,Low
4113,48,24,7,6,1,Decreasing,High,High,Low
4114,85,54,7,6,1,Decreasing,High,Low,High
4115,57,93,0,9,3,Stable,High,High,High
4116,95,90,0,6,0,Increasing,Low,Low,Low
4117,67,65,9,9,4,Stable,Medium,High,Low
4118,66,54,3,10,3,Increasing,Low,High,Low
4119,97,64,5,4,2,Stable,Low,High,Medium
4120,78,32,7,6,2,Decreasing,Low,High,Medium
4121,72,29,1,3,1,Stable,Medium,Low,Low
4122,65,85,2,7,1,Decreasing,High,High,Medium
4123,87,89,5,8,1,Stable,Medium,High,Low
4124,42,91,9,2,4,Increasing,High,Low,Low
4125,81,44,3,6,4,Increasing,Low,High,Low
4126,87,63,1,9,3,Stable,Low,High,Low
4127,61,79,6,8,4,Stable,Low,High,Medium
4128,89,66,3,0,1,Increasing,Medium,Low,Medium
4129,87,59,7,1,3,Stable,Low,Low,High
4130,85,26,7,6,3,Stable,Low,High,Low
4131,57,65,6,1,0,Increasing,High,Low,High
4132,30,42,9,6,4,Decreasing,High,High,High
4133,71,65,8,0,2,Increasing,High,Low,Low
4134,77,32,3,2,2,Increasing,Medium,Low,Medium
4135,69,40,6,4,0,Stable,High,High,Low
4136,92,20,9,10,1,Increasing,Low,Low,Medium
4137,33,38,9,5,0,Increasing,High,Low,High
4138,67,79,0,8,1,Stable,High,High,High
4139,56,52,3,8,4,Stable,High,High,High
4140,38,23,1,2,4,Decreasing,High,Low,High
4141,45,22,8,7,3,Increasing,High,High,High
4142,85,71,4,3,3,Decreasing,High,Low,High
4143,60,47,2,6,3,Decreasing,High,High,High
4144,43,89,3,5,3,Decreasing,High,Low,Medium
4145,54,89,5,7,2,Decreasing,High,High,Low
4146,63,74,9,5,3,Increasing,Low,High,Low
4147,96,76,0,3,3,Increasing,Low,Low,Medium
4148,53,35,6,1,3,Increasing,High,Low,High
4149,55,43,7,6,1,Decreasing,High,High,Low
4150,49,88,6,10,3,Stable,Low,Low,Low
4151,93,60,6,10,0,Increasing,Medium,Low,Low
4152,39,96,8,3,3,Decreasing,High,Low,Medium
4153,96,66,3,8,3,Decreasing,Medium,High,High
4154,53,95,6,8,2,Decreasing,High,High,Low
4155,34,88,8,6,3,Decreasing,High,High,Medium
4156,96,50,4,4,1,Decreasing,Low,High,High
4157,87,49,1,2,4,Decreasing,Medium,Low,Medium
4158,56,37,4,2,3,Increasing,High,Low,High
4159,44,63,3,8,3,Stable,High,High,Low
4160,64,46,7,8,3,Increasing,High,High,High
4161,82,45,4,10,2,Increasing,Low,High,High
4162,73,79,8,3,4,Decreasing,High,Low,Low
4163,55,37,8,10,2,Increasing,High,Low,High
4164,76,75,2,0,2,Stable,Medium,High,High
4165,63,50,9,9,2,Stable,Medium,High,High
4166,79,78,5,4,1,Decreasing,Medium,High,Low
4167,41,21,5,7,4,Stable,High,High,High
4168,33,58,3,9,1,Decreasing,High,High,Low
4169,77,80,10,3,1,Stable,Low,Low,Medium
4170,84,82,9,9,4,Stable,Low,High,High
4171,30,37,2,9,1,Increasing,Medium,High,Low
4172,95,36,0,3,4,Stable,Low,Low,Low
4173,59,58,6,8,3,Decreasing,High,Low,High
4174,32,90,4,8,2,Stable,Low,High,Low
4175,50,73,9,6,1,Stable,High,Low,High
4176,78,95,6,9,4,Increasing,Medium,High,Low
4177,91,54,0,7,0,Decreasing,Medium,High,Low
4178,67,30,7,3,1,Decreasing,Low,Low,High
4179,44,80,2,7,1,Decreasing,High,High,Medium
4180,81,63,6,5,4,Increasing,Low,High,Low
4181,75,87,2,2,0,Stable,Low,High,Low
4182,54,44,2,6,0,Decreasing,High,Low,Medium
4183,50,67,9,2,3,Stable,High,Low,High
4184,34,51,8,10,1,Stable,High,Low,Low
4185,99,23,1,6,2,Stable,Low,High,Low
4186,76,57,3,4,1,Increasing,Low,High,Low
4187,97,82,5,3,2,Stable,Low,Low,Low
4188,47,66,2,2,2,Increasing,High,High,High
4189,50,20,9,7,4,Increasing,High,High,Low
4190,52,22,9,3,1,Increasing,High,Low,High
4191,93,81,6,7,4,Decreasing,Medium,High,Low
4192,96,83,6,9,3,Increasing,Medium,High,High
4193,69,36,4,2,2,Decreasing,Medium,High,High
4194,39,97,2,9,0,Increasing,Medium,High,Low
4195,81,81,1,8,2,Increasing,Low,High,Low
4196,90,54,3,5,3,Increasing,Medium,Low,Low
4197,93,32,3,4,2,Increasing,Medium,High,High
4198,34,54,10,4,4,Stable,High,High,High
4199,82,62,7,2,1,Stable,Medium,Low,Low
4200,84,21,7,1,0,Increasing,Medium,High,High
4201,66,75,4,5,4,Stable,High,High,Low
4202,85,96,5,10,1,Decreasing,Low,High,Low
4203,88,70,7,0,0,Stable,Medium,Low,Low
4204,98,73,0,6,3,Stable,Low,High,Medium
4205,88,35,4,4,2,Stable,Low,High,Low
4206,31,37,3,3,0,Increasing,High,Low,Medium
4207,94,26,3,8,3,Decreasing,Medium,High,High
4208,89,64,10,9,1,Increasing,Low,High,High
4209,80,55,1,0,0,Decreasing,Low,Low,Low
4210,59,60,9,10,3,Increasing,Medium,High,High
4211,40,61,0,3,1,Stable,High,High,Medium
4212,68,26,5,2,4,Decreasing,High,Low,Medium
4213,92,34,6,5,2,Stable,Low,High,High
4214,93,79,4,4,3,Decreasing,Medium,High,High
4215,90,59,7,6,4,Decreasing,Low,High,Low
4216,83,56,8,0,1,Increasing,Low,Low,Medium
4217,87,85,10,4,0,Increasing,Medium,High,Low
4218,85,74,10,1,2,Stable,Medium,Low,High
4219,63,96,1,1,1,Stable,Low,Low,Medium
4220,60,99,10,10,3,Decreasing,Low,High,High
4221,81,75,3,10,2,Decreasing,Low,High,High
4222,30,63,10,1,4,Increasing,Medium,Low,High
4223,84,76,8,8,2,Increasing,Low,High,Low
4224,51,25,4,9,4,Increasing,High,High,High
4225,69,51,2,2,1,Increasing,Medium,Low,High
4226,30,93,5,3,0,Increasing,High,Low,High
4227,94,37,2,4,2,Decreasing,Medium,High,Low
4228,92,87,4,3,0,Decreasing,High,Low,Medium
4229,83,92,2,3,0,Stable,Medium,Low,Medium
4230,71,26,5,4,2,Decreasing,Low,Low,Low
4231,50,27,9,9,2,Increasing,High,Low,Medium
4232,51,83,4,8,0,Decreasing,High,High,High
4233,67,26,8,8,3,Decreasing,Medium,High,Low
4234,37,60,2,5,3,Decreasing,High,High,High
4235,91,59,5,10,2,Stable,High,Low,High
4236,76,22,7,2,0,Stable,Low,Low,Low
4237,46,36,6,5,0,Decreasing,High,High,High
4238,46,85,5,9,1,Decreasing,High,Low,High
4239,42,98,1,3,0,Increasing,High,Low,Low
4240,46,71,6,2,3,Stable,High,Low,Medium
4241,67,41,7,5,1,Increasing,High,High,High
4242,74,23,0,10,3,Increasing,Medium,High,Low
4243,35,25,8,5,4,Decreasing,High,High,High
4244,64,57,3,1,2,Decreasing,Medium,Low,High
4245,43,45,7,8,4,Decreasing,High,Low,High
4246,90,30,9,7,2,Increasing,Low,High,Low
4247,44,36,6,5,3,Increasing,High,High,High
4248,83,50,9,0,3,Increasing,Low,Low,Low
4249,56,96,6,1,4,Decreasing,High,Low,High
4250,42,54,1,3,2,Decreasing,High,Low,Medium
4251,60,35,0,6,2,Decreasing,Medium,High,High
4252,64,98,3,8,1,Increasing,High,High,High
4253,89,37,1,9,0,Increasing,Medium,High,Low
4254,35,81,7,4,1,Stable,High,High,Medium
4255,98,46,9,9,3,Decreasing,Medium,Low,Medium
4256,87,54,6,1,4,Increasing,Low,Low,High
4257,78,64,7,10,2,Stable,Low,High,Low
4258,52,54,10,10,1,Increasing,Low,High,Medium
4259,63,47,5,10,4,Increasing,Medium,High,Low
4260,55,28,0,0,4,Decreasing,High,Low,Low
4261,76,95,8,9,0,Stable,Medium,High,High
4262,34,34,5,0,2,Increasing,High,Low,High
4263,49,40,9,4,4,Stable,High,High,Low
4264,35,71,0,6,2,Stable,High,High,High
4265,99,54,0,8,1,Decreasing,Medium,High,Low
4266,88,70,7,8,4,Stable,Low,Low,Medium
4267,93,74,5,7,4,Decreasing,Medium,High,High
4268,47,96,7,0,1,Decreasing,High,Low,High
4269,33,63,7,4,2,Decreasing,High,Low,High
4270,46,84,10,5,2,Stable,High,High,High
4271,43,99,7,5,4,Increasing,High,Low,High
4272,42,44,9,3,1,Decreasing,High,Low,High
4273,36,66,6,0,3,Increasing,High,Low,High
4274,73,99,6,2,2,Stable,Medium,Low,Medium
4275,44,75,9,9,3,Increasing,High,High,High
4276,48,57,3,3,4,Increasing,Medium,High,High
4277,92,30,8,3,3,Decreasing,Medium,Low,High
4278,64,86,1,3,3,Decreasing,High,Low,Low
4279,64,34,10,4,2,Decreasing,Low,High,Medium
4280,48,20,8,10,4,Stable,High,High,Low
4281,49,26,9,8,3,Increasing,Medium,High,High
4282,64,20,2,3,2,Stable,High,High,High
4283,61,68,1,8,3,Stable,High,Low,High
4284,77,92,3,8,2,Stable,High,High,High
4285,73,48,4,0,4,Stable,High,Low,Low
4286,53,45,1,4,1,Decreasing,High,High,High
4287,90,64,0,8,2,Increasing,Medium,High,Medium
4288,46,90,9,3,2,Decreasing,Low,Low,High
4289,79,31,10,4,3,Decreasing,Low,Low,Low
4290,94,51,4,3,4,Stable,Low,High,Low
4291,61,39,8,1,0,Decreasing,Low,Low,Medium
4292,65,70,4,9,0,Increasing,Medium,High,Low
4293,42,55,10,1,1,Stable,High,Low,Low
4294,99,86,9,1,4,Decreasing,Low,Low,High
4295,87,20,8,0,2,Stable,Medium,Low,High
4296,43,46,9,2,0,Increasing,Low,Low,High
4297,66,59,5,10,1,Stable,Low,High,Medium
4298,97,33,2,9,4,Decreasing,Low,High,High
4299,69,88,3,0,1,Decreasing,Low,Low,Low
4300,88,98,3,3,0,Increasing,Low,Low,Medium
4301,45,25,0,0,3,Increasing,High,Low,Low
4302,91,52,2,3,3,Stable,High,High,High
4303,33,74,2,2,4,Decreasing,High,Low,Low
4304,74,38,0,8,1,Increasing,High,High,High
4305,57,96,8,0,2,Increasing,Medium,High,Low
4306,95,48,10,7,0,Decreasing,Low,High,Low
4307,60,80,0,10,3,Increasing,High,Low,Medium
4308,32,89,8,8,3,Increasing,High,High,High
4309,37,98,0,6,1,Decreasing,High,High,Low
4310,53,99,1,0,3,Increasing,Medium,Low,Medium
4311,44,43,1,3,1,Decreasing,High,Low,Low
4312,72,42,5,9,0,Decreasing,Medium,Low,Medium
4313,60,29,6,0,1,Stable,Low,Low,Low
4314,74,73,10,3,3,Decreasing,High,Low,Low
4315,95,60,0,2,1,Increasing,Low,Low,Medium
4316,37,68,2,1,3,Stable,High,High,High
4317,86,36,1,0,4,Stable,Medium,Low,High
4318,59,75,7,5,3,Increasing,High,Low,High
4319,47,64,8,6,3,Stable,Medium,High,Low
4320,98,49,1,5,3,Increasing,Low,High,High
4321,68,63,1,8,4,Stable,Medium,High,High
4322,89,93,9,8,2,Increasing,Low,Low,Medium
4323,72,74,8,1,3,Decreasing,High,Low,High
4324,74,38,3,1,2,Decreasing,Low,Low,Low
4325,52,48,4,8,0,Stable,High,High,High
4326,98,21,10,0,1,Stable,Medium,Low,Low
4327,35,55,8,4,2,Decreasing,High,High,High
4328,85,38,5,0,0,Increasing,Low,Low,Medium
4329,33,26,9,6,1,Stable,High,Low,High
4330,52,45,8,8,3,Decreasing,High,High,High
4331,35,98,8,5,3,Stable,High,High,High
4332,61,57,6,1,3,Decreasing,High,Low,High
4333,47,22,9,5,4,Decreasing,High,High,High
4334,44,99,8,8,4,Decreasing,High,High,High
4335,69,85,4,2,4,Increasing,High,Low,High
4336,35,90,4,8,4,Stable,High,Low,Low
4337,92,62,7,7,0,Increasing,Medium,High,Low
4338,96,81,9,6,0,Increasing,Medium,Low,Medium
4339,40,90,3,7,3,Decreasing,High,High,High
4340,72,43,8,9,1,Increasing,Low,High,Medium
4341,46,58,6,5,4,Stable,High,High,Low
4342,33,87,6,2,1,Stable,High,Low,Low
4343,92,63,2,6,0,Decreasing,Low,High,High
4344,97,24,3,3,4,Decreasing,Medium,Low,Medium
4345,70,74,6,10,0,Stable,High,High,Low
4346,34,49,10,9,0,Stable,High,Low,High
4347,61,48,10,4,2,Decreasing,High,High,High
4348,99,45,4,7,0,Increasing,Medium,High,High
4349,64,45,2,6,3,Stable,High,High,High
4350,51,56,0,6,0,Decreasing,High,High,High
4351,94,72,6,7,4,Decreasing,Medium,High,High
4352,51,49,5,9,3,Stable,High,High,Low
4353,40,22,9,2,0,Decreasing,High,High,High
4354,32,62,6,2,3,Stable,High,Low,Low
4355,38,26,1,1,0,Decreasing,High,High,High
4356,89,68,3,0,3,Decreasing,Medium,High,Medium
4357,43,92,1,9,1,Increasing,High,Low,Medium
4358,47,60,7,5,2,Decreasing,High,High,High
4359,52,96,6,5,3,Stable,High,Low,Low
4360,76,98,0,9,4,Stable,Low,High,High
4361,98,73,1,7,2,Increasing,Low,High,Low
4362,76,88,1,5,2,Stable,Medium,High,Medium
4363,59,46,3,5,0,Decreasing,High,High,Low
4364,54,27,2,0,3,Increasing,High,High,High
4365,57,51,0,6,2,Stable,High,High,Low
4366,54,83,1,6,4,Decreasing,High,High,High
4367,87,29,10,9,4,Increasing,Low,High,Low
4368,70,32,8,8,4,Decreasing,High,Low,Low
4369,54,82,0,6,0,Stable,High,High,Medium
4370,77,54,8,7,1,Stable,Medium,High,Low
4371,39,80,6,3,3,Stable,High,High,High
4372,40,73,1,8,2,Stable,High,High,Low
4373,50,27,1,0,3,Increasing,Low,High,Low
4374,74,48,4,7,2,Stable,Low,High,High
4375,36,60,4,2,0,Increasing,High,High,Medium
4376,93,49,3,0,3,Increasing,Medium,Low,Low
4377,93,40,9,1,0,Decreasing,Medium,Low,Low
4378,31,95,9,5,0,Stable,High,High,Medium
4379,71,30,2,4,3,Decreasing,High,Low,High
4380,83,21,3,2,3,Decreasing,High,Low,High
4381,45,69,9,8,2,Decreasing,High,High,Low
4382,47,60,3,7,4,Decreasing,High,High,High
4383,88,85,1,2,0,Decreasing,High,Low,Low
4384,45,22,4,1,1,Stable,High,High,High
4385,35,99,4,7,2,Decreasing,High,High,High
4386,86,70,4,4,2,Increasing,Low,Low,High
4387,76,87,10,8,4,Increasing,Low,Low,Low
4388,77,44,10,0,4,Stable,Medium,Low,High
4389,71,49,9,9,0,Increasing,High,Low,High
4390,89,30,0,2,2,Decreasing,Low,Low,Low
4391,33,36,5,4,2,Increasing,High,High,Low
4392,31,45,10,1,1,Decreasing,High,High,Low
4393,88,42,1,2,0,Stable,Medium,Low,Low
4394,56,75,6,3,0,Increasing,Low,Low,Low
4395,56,71,3,3,4,Increasing,High,Low,Low
4396,36,67,4,10,0,Increasing,High,High,Medium
4397,92,39,4,8,1,Stable,Medium,High,Medium
4398,75,21,4,0,0,Stable,Low,Low,High
4399,92,50,1,8,3,Increasing,Low,High,Low
4400,41,46,4,8,3,Stable,High,High,High
4401,42,21,2,10,1,Decreasing,High,Low,Low
4402,72,97,3,5,4,Stable,High,High,Medium
4403,46,23,1,10,2,Increasing,High,Low,Low
4404,92,32,3,0,0,Decreasing,Medium,Low,High
4405,65,54,8,10,4,Increasing,Low,Low,Low
4406,37,91,7,5,4,Increasing,High,High,Medium
4407,98,85,10,7,0,Increasing,Low,High,Low
4408,65,25,2,4,2,Stable,Medium,High,High
4409,57,50,0,4,0,Increasing,High,High,High
4410,76,29,0,0,2,Decreasing,Medium,High,High
4411,59,40,5,0,1,Decreasing,High,Low,Medium
4412,52,93,2,7,2,Decreasing,High,High,High
4413,45,42,3,4,4,Increasing,High,High,Low
4414,43,22,0,7,1,Decreasing,Medium,High,High
4415,81,51,7,9,3,Decreasing,Low,Low,Medium
4416,66,39,0,1,1,Decreasing,High,Low,High
4417,58,93,4,3,2,Decreasing,High,Low,High
4418,96,48,5,10,1,Stable,Low,High,Low
4419,44,71,1,9,1,Increasing,High,High,Medium
4420,76,65,6,8,3,Increasing,Low,High,Low
4421,75,53,6,2,2,Decreasing,High,Low,Low
4422,81,80,0,5,4,Increasing,Low,High,Low
4423,48,91,3,10,1,Decreasing,High,High,Medium
4424,50,90,3,6,0,Decreasing,High,High,Low
4425,93,89,4,2,4,Decreasing,Medium,Low,Medium
4426,66,30,0,0,1,Increasing,Medium,Low,Medium
4427,56,82,0,1,4,Stable,High,Low,High
4428,84,40,6,10,0,Increasing,Medium,Low,Medium
4429,58,22,8,9,4,Increasing,High,High,Low
4430,49,29,0,6,4,Stable,Low,High,Medium
4431,54,46,1,6,0,Increasing,High,High,Low
4432,99,31,5,0,0,Stable,Medium,Low,High
4433,92,26,5,9,0,Decreasing,Medium,High,Low
4434,65,36,1,6,3,Stable,Low,High,High
4435,31,84,8,9,0,Decreasing,High,High,Low
4436,51,83,3,10,4,Stable,High,High,Low
4437,45,45,6,5,0,Decreasing,High,High,High
4438,47,34,5,10,1,Increasing,High,High,Medium
4439,98,52,10,5,0,Stable,Low,High,Low
4440,83,81,10,6,0,Increasing,Low,High,Medium
4441,59,66,2,6,2,Decreasing,High,High,High
4442,74,54,7,0,4,Stable,Medium,Low,Low
4443,48,84,6,9,4,Stable,High,Low,Medium
4444,63,91,8,4,1,Stable,Low,High,Medium
4445,42,95,2,7,3,Increasing,High,High,High
4446,72,44,0,7,2,Decreasing,High,High,Medium
4447,91,76,1,2,1,Increasing,Low,Low,Medium
4448,51,51,10,2,1,Stable,High,Low,Low
4449,81,82,0,6,4,Decreasing,Medium,High,Low
4450,81,31,10,3,2,Decreasing,Medium,Low,High
4451,65,82,4,5,4,Increasing,Medium,High,Medium
4452,48,96,9,8,3,Increasing,High,High,Low
4453,67,20,1,9,4,Stable,Medium,High,Low
4454,99,70,2,1,0,Stable,Medium,Low,Medium
4455,86,89,7,1,4,Stable,High,Low,Low
4456,49,27,9,5,0,Stable,Low,High,Medium
4457,38,87,4,2,1,Decreasing,High,High,Medium
4458,61,24,3,0,3,Stable,Low,Low,High
4459,33,58,4,1,0,Stable,High,Low,Medium
4460,79,42,9,6,3,Stable,Medium,High,High
4461,34,87,5,3,4,Increasing,Low,Low,Low
4462,49,71,6,1,4,Increasing,Medium,Low,Low
4463,66,23,8,10,1,Increasing,Low,High,Low
4464,51,66,0,7,4,Stable,High,High,High
4465,87,40,3,3,0,Decreasing,Medium,Low,Medium
4466,97,75,8,3,1,Stable,Low,Low,Medium
4467,73,85,4,1,3,Increasing,Medium,High,High
4468,63,78,7,0,1,Increasing,Medium,Low,Medium
4469,71,26,0,0,3,Stable,Medium,Low,Medium
4470,38,68,3,2,2,Decreasing,High,High,Low
4471,36,35,8,5,0,Decreasing,High,High,Medium
4472,97,36,0,6,0,Decreasing,High,High,Low
4473,48,94,0,8,3,Increasing,High,High,Low
4474,60,53,3,4,4,Increasing,High,High,High
4475,64,52,2,8,4,Decreasing,Low,Low,Low
4476,86,45,6,7,2,Stable,Medium,High,High
4477,90,85,10,0,3,Decreasing,Low,Low,Medium
4478,60,82,2,10,2,Stable,Medium,High,High
4479,82,60,0,2,3,Increasing,Medium,Low,High
4480,61,77,10,7,2,Increasing,Medium,High,Medium
4481,95,98,9,8,3,Increasing,Low,High,Medium
4482,88,29,1,3,0,Decreasing,High,Low,Low
4483,39,34,9,5,2,Decreasing,High,High,Low
4484,31,61,3,3,2,Increasing,High,Low,Low
4485,95,76,0,8,3,Increasing,Medium,High,Low
4486,89,36,0,1,1,Increasing,Low,High,High
4487,46,79,7,5,1,Decreasing,High,Low,Medium
4488,45,28,6,10,0,Decreasing,High,Low,High
4489,45,55,7,2,4,Increasing,High,Low,High
4490,75,92,3,9,4,Decreasing,Medium,High,High
4491,68,99,5,3,0,Decreasing,High,High,Low
4492,60,55,2,1,4,Decreasing,High,Low,Medium
4493,30,67,10,10,3,Decreasing,High,High,High
4494,40,70,7,7,1,Increasing,High,High,High
4495,33,89,3,9,0,Increasing,Medium,High,Low
4496,55,93,2,7,3,Decreasing,High,High,Low
4497,79,99,3,0,0,Increasing,Medium,Low,Medium
4498,41,87,5,9,1,Increasing,High,High,High
4499,94,41,10,5,4,Increasing,Medium,High,High
4500,76,96,6,0,3,Stable,Medium,Low,Medium
4501,82,99,6,5,1,Increasing,Medium,High,Low
4502,31,25,3,6,0,Increasing,Medium,High,Medium
4503,53,45,7,1,2,Decreasing,High,Low,Low
4504,33,94,6,8,3,Decreasing,High,Low,Medium
4505,48,22,1,7,0,Stable,High,High,Low
4506,55,71,7,8,0,Stable,High,High,Medium
4507,69,93,8,9,1,Increasing,Low,Low,Medium
4508,79,79,4,3,0,Increasing,Low,High,High
4509,72,82,3,3,3,Decreasing,High,High,Low
4510,96,84,3,7,3,Increasing,Medium,High,Low
4511,41,71,3,0,0,Increasing,High,High,High
4512,96,95,5,7,1,Increasing,Low,High,Low
4513,56,33,10,6,3,Increasing,Low,Low,High
4514,83,91,3,6,2,Increasing,Medium,High,Low
4515,95,87,6,8,4,Increasing,Medium,Low,Low
4516,78,47,6,9,1,Increasing,Medium,High,High
4517,45,90,4,6,1,Increasing,High,High,High
4518,31,29,4,1,4,Decreasing,High,Low,High
4519,89,76,9,0,4,Stable,Low,Low,Low
4520,83,85,7,0,3,Increasing,Medium,Low,High
4521,59,69,6,6,0,Decreasing,High,High,Medium
4522,67,33,6,4,0,Increasing,Medium,Low,High
4523,57,35,5,3,2,Increasing,High,Low,High
4524,54,73,6,4,0,Stable,High,High,Low
4525,39,62,6,9,2,Decreasing,High,High,Low
4526,89,61,9,9,2,Increasing,Low,High,Low
4527,71,41,1,5,1,Stable,High,High,High
4528,69,87,9,9,1,Stable,High,Low,Low
4529,71,38,1,5,3,Increasing,High,High,High
4530,76,85,9,0,4,Increasing,Medium,Low,Medium
4531,66,58,6,1,4,Decreasing,Low,Low,Medium
4532,51,92,9,2,2,Decreasing,High,Low,Low
4533,86,38,6,3,4,Increasing,Low,Low,Low
4534,56,35,6,5,2,Increasing,Low,Low,Medium
4535,70,73,4,10,4,Stable,High,High,Low
4536,63,44,0,8,3,Decreasing,High,High,Low
4537,61,37,1,1,1,Increasing,High,Low,High
4538,95,42,8,7,1,Increasing,Medium,High,Medium
4539,41,30,7,8,2,Decreasing,High,High,High
4540,69,58,7,1,4,Increasing,Low,Low,Medium
4541,39,87,9,8,0,Stable,High,High,Low
4542,77,44,0,6,3,Stable,Low,High,Low
4543,49,82,5,8,4,Increasing,High,High,High
4544,68,49,8,5,0,Decreasing,High,High,High
4545,89,64,7,1,3,Stable,Medium,Low,Medium
4546,95,80,2,7,3,Decreasing,Medium,High,High
4547,94,70,3,9,1,Decreasing,High,High,Low
4548,80,28,2,8,2,Decreasing,Low,High,Medium
4549,65,95,5,7,4,Stable,Medium,High,Medium
4550,53,21,8,1,3,Stable,High,Low,High
4551,56,24,7,7,4,Increasing,High,High,Low
4552,31,81,9,2,3,Decreasing,High,Low,High
4553,60,88,3,2,1,Stable,High,Low,High
4554,86,71,1,8,2,Stable,Low,High,Medium
4555,95,24,7,8,0,Increasing,Low,Low,Medium
4556,58,78,7,8,0,Stable,High,High,Low
4557,44,87,10,3,1,Stable,High,Low,High
4558,41,28,5,6,3,Stable,Low,High,Low
4559,57,41,7,7,1,Increasing,High,High,High
4560,53,46,8,4,2,Increasing,High,High,High
4561,50,29,0,0,0,Decreasing,Medium,Low,Medium
4562,39,99,8,8,4,Stable,High,Low,Low
4563,47,80,1,5,0,Increasing,High,High,Low
4564,43,70,0,2,2,Increasing,Medium,Low,High
4565,63,29,7,2,3,Increasing,Medium,Low,Medium
4566,87,25,7,9,1,Decreasing,Low,High,Medium
4567,51,81,10,0,0,Decreasing,High,Low,Low
4568,99,24,3,7,0,Decreasing,Low,High,Medium
4569,65,89,7,1,4,Decreasing,Medium,Low,Medium
4570,74,82,6,0,1,Decreasing,Low,High,Low
4571,65,75,1,6,4,Stable,Medium,High,High
4572,51,78,4,10,4,Stable,High,High,Low
4573,90,82,9,8,3,Increasing,Medium,High,Low
4574,85,78,3,5,0,Decreasing,Medium,High,Low
4575,62,70,2,7,1,Decreasing,Low,High,Low
4576,74,69,0,7,3,Increasing,High,High,High
4577,65,23,4,8,3,Stable,High,High,High
4578,49,67,9,6,3,Decreasing,High,Low,High
4579,47,51,7,8,2,Decreasing,High,High,Low
4580,67,70,8,8,2,Decreasing,High,High,High
4581,96,71,6,10,3,Stable,Medium,Low,Medium
4582,52,93,10,0,2,Stable,High,Low,Low
4583,45,53,0,5,1,Decreasing,High,Low,Low
4584,88,55,0,7,0,Decreasing,Low,High,Medium
4585,98,89,0,9,1,Increasing,Low,High,High
4586,97,62,1,8,0,Increasing,Medium,High,High
4587,50,35,0,3,2,Stable,High,Low,High
4588,99,78,3,1,1,Increasing,Low,High,Medium
4589,41,72,9,10,4,Decreasing,High,High,High
4590,45,38,8,8,3,Stable,High,High,High
4591,43,60,3,8,0,Increasing,High,High,High
4592,90,66,3,7,0,Stable,Low,High,High
4593,75,73,6,2,4,Decreasing,Medium,Low,Low
4594,61,74,10,4,4,Increasing,Low,High,Medium
4595,44,38,8,1,3,Increasing,High,Low,High
4596,73,81,6,2,2,Increasing,Medium,Low,High
4597,46,78,0,0,1,Decreasing,High,Low,Low
4598,70,84,0,3,1,Stable,Medium,Low,Low
4599,83,87,3,4,1,Increasing,Medium,High,Medium
4600,73,47,3,1,2,Stable,Medium,High,Low
4601,34,37,0,2,3,Stable,High,Low,High
4602,56,45,5,5,1,Stable,High,High,High
4603,72,38,9,5,0,Decreasing,High,High,High
4604,60,74,1,6,0,Decreasing,High,High,High
4605,46,76,10,8,0,Increasing,High,High,Low
4606,83,25,4,3,4,Increasing,Low,Low,High
4607,91,20,7,4,4,Stable,High,High,Low
4608,61,27,2,10,2,Stable,Medium,High,High
4609,69,70,8,1,1,Stable,Medium,Low,Medium
4610,42,44,6,5,4,Decreasing,High,Low,High
4611,64,66,8,3,0,Decreasing,Low,Low,High
4612,34,74,0,4,4,Increasing,High,High,Low
4613,58,83,4,6,0,Stable,High,Low,Low
4614,99,29,2,5,1,Stable,Medium,High,Medium
4615,54,75,3,7,2,Decreasing,High,High,High
4616,51,31,3,5,3,Increasing,Low,High,High
4617,95,52,10,9,3,Stable,Medium,High,Low
4618,74,90,6,7,0,Stable,Medium,High,High
4619,98,36,9,3,4,Increasing,Low,Low,High
4620,30,80,10,6,4,Stable,Low,High,Medium
4621,73,29,7,2,0,Decreasing,High,Low,High
4622,68,50,10,0,1,Increasing,Low,High,Low
4623,83,79,9,8,0,Stable,Medium,High,Medium
4624,58,89,4,8,1,Stable,Low,High,Low
4625,83,36,9,5,2,Decreasing,Medium,Low,Low
4626,45,69,6,1,2,Decreasing,High,Low,Low
4627,49,56,2,7,0,Decreasing,High,High,Low
4628,75,81,2,9,2,Stable,Low,High,Low
4629,96,99,2,5,4,Stable,Low,High,High
4630,94,91,3,6,1,Stable,Low,High,Medium
4631,87,96,5,0,3,Increasing,Medium,Low,High
4632,82,48,4,2,3,Decreasing,Medium,Low,Medium
4633,30,51,7,0,2,Increasing,High,Low,Medium
4634,95,99,4,9,1,Decreasing,Medium,High,High
4635,58,30,10,0,4,Stable,Low,Low,High
4636,99,25,4,10,3,Increasing,Medium,High,High
4637,37,54,9,0,4,Increasing,Medium,Low,Low
4638,58,52,1,3,4,Decreasing,High,Low,Low
4639,80,37,10,6,3,Increasing,Medium,High,Low
4640,62,56,10,6,3,Increasing,High,Low,High
4641,32,32,4,4,2,Stable,High,High,High
4642,89,93,6,5,1,Decreasing,High,High,High
4643,64,83,1,1,0,Increasing,Medium,High,Medium
4644,98,20,5,4,1,Stable,Low,High,Medium
4645,49,82,6,6,0,Increasing,Medium,High,Low
4646,68,53,4,8,3,Stable,Medium,High,Low
4647,33,29,8,5,4,Increasing,Low,High,High
4648,48,26,3,9,1,Stable,High,High,Low
4649,74,75,9,3,4,Stable,High,Low,Low
4650,72,99,0,2,1,Decreasing,High,High,Low
4651,42,56,7,8,1,Stable,High,High,High
4652,42,48,7,6,4,Increasing,High,High,Low
4653,89,31,6,10,2,Stable,Medium,Low,Medium
4654,86,36,7,5,3,Stable,Low,High,High
4655,81,67,1,6,2,Increasing,Low,High,Low
4656,82,45,2,7,2,Increasing,Low,High,High
4657,72,31,8,4,1,Stable,High,High,Low
4658,71,40,0,2,3,Increasing,High,Low,Low
4659,55,61,7,2,1,Stable,High,Low,Medium
4660,52,80,7,1,0,Stable,High,Low,High
4661,72,77,6,7,1,Stable,Low,High,Medium
4662,57,73,10,0,4,Increasing,High,Low,High
4663,38,53,4,7,1,Decreasing,High,High,High
4664,49,26,3,2,0,Decreasing,High,Low,Medium
4665,85,54,9,8,1,Stable,Low,High,High
4666,68,34,9,10,0,Stable,Low,High,Low
4667,80,84,9,1,3,Increasing,Medium,Low,High
4668,41,44,9,9,1,Decreasing,High,High,Low
4669,84,78,5,8,0,Decreasing,High,High,High
4670,40,98,10,5,3,Decreasing,High,Low,Medium
4671,55,25,0,0,4,Increasing,High,High,Low
4672,71,71,4,4,2,Increasing,Low,Low,Medium
4673,56,98,3,9,0,Increasing,High,High,Low
4674,40,40,3,8,4,Stable,Medium,High,Low
4675,67,90,6,5,3,Increasing,Low,High,Low
4676,72,51,8,6,4,Stable,Low,High,Medium
4677,48,72,7,3,1,Stable,Medium,Low,Low
4678,93,78,10,0,2,Stable,Low,Low,Low
4679,35,88,7,4,0,Stable,High,High,Medium
4680,75,81,4,1,3,Increasing,Low,High,Low
4681,71,23,5,7,2,Increasing,Medium,Low,High
4682,94,37,1,3,3,Decreasing,High,Low,High
4683,88,75,10,0,4,Decreasing,High,Low,High
4684,81,43,2,9,3,Stable,Medium,High,High
4685,76,85,4,6,3,Decreasing,High,High,High
4686,36,32,1,10,4,Decreasing,Medium,High,High
4687,40,81,2,1,4,Decreasing,High,High,High
4688,90,73,3,2,2,Stable,Medium,Low,High
4689,97,34,5,8,0,Decreasing,High,High,Low
4690,54,88,4,8,4,Increasing,High,High,High
4691,41,22,9,1,2,Stable,High,Low,Low
4692,55,56,3,2,3,Increasing,High,Low,High
4693,41,56,1,10,3,Stable,Low,High,Low
4694,72,22,10,8,1,Increasing,High,High,High
4695,80,82,4,0,4,Decreasing,Low,High,Medium
4696,66,54,4,1,2,Stable,High,Low,Low
4697,75,71,10,10,2,Increasing,Low,Low,Low
4698,82,47,6,1,0,Stable,Low,Low,Low
4699,42,37,0,9,2,Increasing,High,High,High
4700,83,55,3,2,4,Decreasing,Low,Low,Low
4701,86,52,10,9,2,Stable,Low,High,High
4702,33,83,4,2,1,Stable,High,Low,Medium
4703,78,45,7,9,3,Increasing,Medium,Low,High
4704,36,67,7,1,3,Increasing,High,Low,Medium
4705,40,59,0,7,2,Decreasing,High,High,High
4706,83,36,4,7,2,Increasing,Medium,High,Medium
4707,74,59,9,7,2,Increasing,Low,High,Low
4708,52,26,0,1,2,Increasing,High,High,High
4709,57,76,0,8,1,Decreasing,High,High,Low
4710,86,27,1,10,4,Decreasing,Low,High,Low
4711,55,75,1,6,1,Stable,Low,High,Medium
4712,54,50,8,4,1,Decreasing,Low,High,High
4713,83,78,3,6,1,Increasing,Low,Low,Medium
4714,58,77,2,7,3,Stable,High,High,High
4715,65,31,10,8,1,Decreasing,Low,Low,Low
4716,43,67,0,1,2,Decreasing,High,Low,High
4717,64,50,1,5,1,Increasing,High,High,High
4718,59,82,5,8,2,Increasing,High,High,High
4719,46,93,8,5,4,Decreasing,High,High,High
4720,96,58,4,1,3,Stable,Medium,High,High
4721,59,95,3,0,4,Increasing,Medium,Low,High
4722,74,39,4,2,4,Decreasing,High,Low,Low
4723,80,67,8,10,3,Decreasing,High,Low,High
4724,76,90,6,4,2,Increasing,Medium,High,High
4725,82,73,7,6,2,Stable,Medium,High,Low
4726,93,97,3,9,2,Stable,Low,High,Medium
4727,67,94,10,9,3,Stable,Low,High,High
4728,93,90,7,2,1,Increasing,Medium,Low,High
4729,36,48,5,8,0,Increasing,Low,Low,High
4730,51,93,4,9,1,Increasing,High,High,Medium
4731,70,92,6,3,1,Stable,Medium,Low,High
4732,39,67,5,9,4,Stable,High,High,High
4733,86,93,2,1,0,Increasing,Low,Low,Low
4734,36,75,4,2,2,Increasing,High,Low,High
4735,79,36,8,4,1,Increasing,Medium,High,Medium
4736,81,28,6,2,3,Stable,Medium,Low,Low
4737,62,53,3,4,1,Decreasing,High,High,Low
4738,30,64,6,3,2,Decreasing,High,Low,Low
4739,82,28,4,10,1,Stable,Low,Low,Medium
4740,89,26,10,9,4,Increasing,Low,High,High
4741,63,35,1,2,4,Increasing,Medium,Low,Medium
4742,33,38,5,5,1,Increasing,High,Low,Low
4743,46,25,6,7,4,Increasing,Medium,High,Medium
4744,33,30,7,3,3,Stable,High,High,Low
4745,72,95,5,8,0,Decreasing,Low,High,Low
4746,33,80,7,5,1,Decreasing,Low,High,Low
4747,30,61,6,4,3,Stable,Low,High,Medium
4748,79,32,1,2,3,Increasing,Low,High,High
4749,90,31,5,4,3,Decreasing,Medium,High,High
4750,64,93,8,4,2,Stable,High,High,High
4751,37,39,5,3,1,Increasing,High,Low,Medium
4752,53,69,3,5,1,Decreasing,Low,High,High
4753,65,55,6,2,1,Stable,High,Low,Medium
4754,79,88,2,9,0,Decreasing,High,High,Low
4755,72,56,4,0,3,Decreasing,Low,High,Low
4756,56,31,0,6,1,Stable,High,High,Low
4757,61,59,9,6,4,Stable,High,High,High
4758,47,73,2,3,2,Decreasing,High,Low,High
4759,57,21,7,8,0,Decreasing,High,High,High
4760,58,69,8,1,2,Stable,High,Low,High
4761,45,60,8,0,3,Increasing,High,Low,Low
4762,76,64,9,2,4,Increasing,Low,Low,High
4763,88,28,1,6,3,Increasing,Medium,High,High
4764,60,81,3,8,1,Increasing,Medium,High,Medium
4765,33,66,4,1,2,Stable,High,High,Medium
4766,66,24,2,5,4,Increasing,Medium,High,Low
4767,46,95,10,2,2,Decreasing,High,Low,Low
4768,68,20,0,4,0,Increasing,High,High,Low
4769,77,63,5,8,4,Stable,Low,High,High
4770,75,41,9,2,0,Increasing,Low,Low,Low
4771,77,57,1,0,4,Increasing,Low,Low,Low
4772,68,38,8,4,1,Stable,Low,High,Low
4773,33,99,0,0,2,Increasing,Medium,High,Low
4774,59,50,10,7,2,Stable,High,High,High
4775,59,86,8,6,3,Increasing,Low,High,Low
4776,51,61,6,10,4,Stable,Medium,High,Medium
4777,95,45,10,1,4,Increasing,Low,Low,Medium
4778,41,32,9,10,0,Decreasing,High,High,High
4779,65,77,1,8,4,Decreasing,Medium,High,Low
4780,47,37,5,4,2,Stable,High,High,Low
4781,82,86,7,6,4,Stable,Medium,Low,Low
4782,30,22,1,3,3,Stable,High,Low,High
4783,87,74,4,0,3,Decreasing,Low,Low,High
4784,35,77,10,7,2,Stable,High,High,Low
4785,99,82,5,0,2,Increasing,Medium,Low,Medium
4786,73,71,2,2,2,Stable,High,Low,High
4787,53,43,1,5,4,Stable,High,High,High
4788,48,91,10,7,4,Increasing,Medium,High,High
4789,47,28,5,7,1,Increasing,High,Low,Medium
4790,59,56,2,1,0,Decreasing,High,Low,High
4791,71,72,1,8,4,Increasing,High,Low,Low
4792,62,99,0,3,1,Increasing,Medium,High,Low
4793,41,43,7,3,1,Stable,Low,Low,Low
4794,56,40,0,1,3,Decreasing,High,Low,High
4795,68,59,4,0,4,Increasing,Low,Low,Low
4796,38,81,10,9,1,Decreasing,High,Low,Medium
4797,50,89,5,6,3,Increasing,Medium,Low,High
4798,58,88,10,10,0,Decreasing,High,High,High
4799,62,33,2,9,3,Increasing,High,High,Low
4800,91,61,6,2,0,Stable,Medium,Low,High
4801,44,69,1,3,2,Decreasing,High,Low,High
4802,31,80,6,10,2,Decreasing,High,Low,Medium
4803,81,23,1,8,3,Increasing,Low,Low,Low
4804,73,91,4,5,2,Decreasing,Low,High,Low
4805,83,94,6,0,4,Increasing,Low,Low,Low
4806,47,36,10,8,3,Decreasing,High,High,High
4807,32,76,10,8,1,Decreasing,High,Low,Low
4808,36,67,2,4,4,Stable,High,High,Low
4809,72,63,10,7,3,Stable,Low,Low,High
4810,67,64,3,6,0,Decreasing,Low,High,Low
4811,66,99,0,10,2,Stable,Low,High,Medium
4812,87,52,2,7,2,Decreasing,Medium,High,High
4813,62,50,8,8,2,Increasing,Low,High,High
4814,88,66,9,1,3,Decreasing,Medium,Low,Medium
4815,40,25,4,9,4,Decreasing,High,High,High
4816,97,91,7,4,0,Stable,Medium,Low,Low
4817,97,90,1,7,2,Stable,Medium,High,High
4818,51,53,2,2,4,Increasing,High,Low,Medium
4819,95,72,6,10,1,Increasing,Low,High,High
4820,73,33,9,10,1,Increasing,High,High,Medium
4821,35,35,3,5,0,Decreasing,High,High,Low
4822,71,62,8,5,2,Increasing,Low,High,Medium
4823,54,92,6,6,1,Increasing,Low,High,Medium
4824,86,93,10,10,4,Stable,Medium,High,Low
4825,84,31,0,2,4,Stable,Low,High,High
4826,45,89,3,7,1,Increasing,Low,High,Low
4827,43,38,9,7,2,Increasing,High,Low,Medium
4828,68,60,10,8,0,Decreasing,Low,High,Low
4829,57,72,5,7,2,Decreasing,High,Low,Low
4830,80,48,5,2,3,Stable,Low,Low,Low
4831,78,89,9,5,1,Increasing,Low,High,Low
4832,38,78,5,8,3,Increasing,High,Low,Low
4833,87,83,4,0,1,Increasing,Medium,Low,High
4834,74,43,2,2,0,Increasing,Medium,High,High
4835,51,35,1,1,2,Increasing,High,Low,Low
4836,61,71,2,7,2,Decreasing,Low,High,High
4837,98,99,8,5,1,Decreasing,Medium,High,Medium
4838,98,25,2,9,4,Increasing,Low,High,High
4839,71,56,2,10,3,Decreasing,Medium,Low,High
4840,82,23,0,10,2,Decreasing,Low,High,Low
4841,88,57,1,7,2,Increasing,Low,High,Low
4842,68,60,10,1,1,Decreasing,Low,Low,Medium
4843,44,33,2,10,4,Increasing,Low,High,Low
4844,58,90,1,5,3,Decreasing,High,High,Low
4845,32,70,7,6,4,Increasing,Medium,High,High
4846,39,84,5,7,4,Increasing,High,High,High
4847,58,71,6,8,1,Decreasing,High,High,Low
4848,64,49,0,4,4,Decreasing,High,High,High
4849,35,76,5,10,3,Stable,Low,High,Medium
4850,41,98,1,2,0,Increasing,High,Low,High
4851,67,49,5,1,0,Increasing,High,Low,High
4852,48,61,2,7,3,Increasing,High,High,Low
4853,96,30,6,0,1,Increasing,Medium,Low,Low
4854,37,46,2,9,2,Decreasing,High,High,High
4855,37,43,8,5,1,Decreasing,High,High,Low
4856,76,58,2,1,3,Stable,Low,Low,High
4857,33,91,6,2,4,Increasing,High,Low,Medium
4858,80,37,3,7,0,Stable,Medium,High,Low
4859,96,96,7,0,4,Stable,Low,Low,Medium
4860,74,64,1,5,1,Stable,High,High,Low
4861,37,31,7,2,3,Stable,Medium,Low,Low
4862,45,68,8,5,0,Stable,High,Low,Medium
4863,96,50,7,2,3,Decreasing,Low,Low,Low
4864,38,41,5,10,0,Decreasing,High,Low,High
4865,89,63,9,10,0,Stable,Medium,Low,Medium
4866,44,83,0,7,0,Decreasing,High,High,Low
4867,70,96,6,4,1,Decreasing,High,High,Low
4868,51,44,0,3,3,Stable,Low,Low,Medium
4869,53,70,6,8,2,Decreasing,High,High,Low
4870,73,26,1,4,2,Decreasing,Low,High,High
4871,30,25,7,3,2,Increasing,Low,Low,High
4872,39,43,1,7,3,Stable,High,High,Low
4873,85,38,2,7,4,Increasing,Low,High,Low
4874,79,28,2,7,3,Increasing,Medium,High,High
4875,41,55,0,3,0,Stable,High,Low,Low
4876,89,59,4,0,4,Increasing,Low,Low,Low
4877,55,43,4,1,0,Increasing,High,Low,Low
4878,70,67,9,3,0,Decreasing,High,Low,Low
4879,65,82,4,9,3,Increasing,Medium,High,Low
4880,52,88,8,1,2,Stable,Medium,Low,Medium
4881,72,72,5,10,4,Decreasing,Low,Low,Medium
4882,35,73,5,9,1,Decreasing,High,High,Low
4883,98,61,2,2,2,Decreasing,Medium,Low,Medium
4884,72,64,4,8,1,Stable,Low,High,High
4885,54,33,9,8,3,Stable,Medium,High,High
4886,47,48,6,10,4,Stable,High,High,High
4887,91,25,2,8,3,Increasing,Medium,High,Low
4888,42,26,1,6,1,Increasing,Medium,High,High
4889,72,56,4,3,0,Decreasing,Low,High,High
4890,57,72,2,0,3,Decreasing,High,Low,Low
4891,47,37,4,2,4,Stable,Low,Low,Low
4892,88,57,8,7,3,Stable,Medium,High,High
4893,89,78,10,3,2,Increasing,Low,Low,Medium
4894,92,20,9,9,3,Increasing,Medium,Low,Low
4895,86,87,0,9,1,Stable,Medium,High,Low
4896,80,63,3,1,3,Stable,Medium,High,Medium
4897,85,66,9,7,4,Increasing,Low,Low,Medium
4898,56,54,4,6,3,Decreasing,High,High,High
4899,61,79,1,10,3,Decreasing,Low,High,Medium
4900,38,71,1,9,4,Increasing,High,High,High
4901,97,27,0,8,3,Increasing,Low,High,Low
4902,75,99,7,1,4,Decreasing,Medium,Low,Medium
4903,96,60,1,4,1,Increasing,High,High,Low
4904,55,22,2,5,4,Decreasing,High,High,High
4905,37,88,1,1,1,Decreasing,High,High,High
4906,35,33,3,1,1,Increasing,Medium,Low,High
4907,53,45,0,9,4,Stable,High,High,High
4908,77,89,2,3,3,Stable,Medium,High,High
4909,74,77,4,7,2,Stable,High,High,Low
4910,42,59,9,10,4,Stable,High,High,Low
4911,98,70,0,4,3,Stable,High,Low,Low
4912,54,24,3,8,1,Stable,High,Low,Low
4913,49,96,5,3,0,Stable,High,Low,Medium
4914,95,51,3,2,2,Increasing,Low,Low,Low
4915,74,99,6,9,3,Increasing,Medium,High,Low
4916,76,20,6,7,2,Stable,Medium,Low,High
4917,92,96,5,0,0,Increasing,Medium,Low,Low
4918,84,73,8,8,0,Decreasing,Low,High,Medium
4919,48,30,1,3,0,Stable,Medium,Low,High
4920,64,72,9,10,4,Decreasing,Medium,Low,Medium
4921,82,27,7,8,2,Increasing,Medium,High,Low
4922,55,44,7,7,4,Stable,High,High,Medium
4923,43,59,10,2,0,Decreasing,High,Low,Low
4924,74,51,9,2,3,Increasing,Low,Low,Medium
4925,73,47,10,8,0,Stable,Low,Low,High
4926,94,97,3,2,4,Stable,Medium,Low,Low
4927,80,22,5,3,0,Decreasing,Low,Low,Medium
4928,72,98,10,8,0,Decreasing,Medium,High,High
4929,52,81,5,3,4,Decreasing,High,Low,High
4930,85,46,4,10,4,Increasing,Low,High,High
4931,48,64,0,2,3,Decreasing,High,Low,Medium
4932,84,44,2,6,4,Decreasing,Low,High,Low
4933,89,80,6,5,3,Decreasing,Low,High,Medium
4934,88,63,7,0,1,Stable,Medium,Low,High
4935,62,65,1,9,1,Decreasing,Medium,High,High
4936,48,33,2,7,4,Decreasing,High,Low,High
4937,57,27,3,0,0,Increasing,High,High,Low
4938,81,67,10,3,2,Increasing,Medium,Low,Medium
4939,78,33,4,5,0,Decreasing,High,High,High
4940,66,84,2,5,4,Increasing,High,High,High
4941,55,99,4,6,3,Increasing,Low,Low,Medium
4942,69,26,7,10,0,Increasing,Medium,High,Low
4943,67,98,7,4,1,Stable,Medium,Low,Medium
4944,83,68,1,4,4,Decreasing,High,Low,Medium
4945,51,74,5,3,0,Decreasing,High,High,High
4946,45,32,3,5,0,Decreasing,High,High,Low
4947,57,92,8,6,3,Increasing,High,High,Low
4948,64,75,9,9,3,Increasing,High,Low,High
4949,89,75,1,9,3,Increasing,Low,High,Low
4950,74,34,7,0,2,Stable,Medium,Low,Low
4951,75,76,0,8,4,Increasing,Medium,High,High
4952,84,77,10,7,4,Stable,Low,Low,Low
4953,55,54,5,6,1,Decreasing,High,High,Medium
4954,54,35,10,8,1,Increasing,High,High,Low
4955,94,27,10,2,4,Stable,Low,Low,High
4956,35,64,9,9,0,Stable,High,High,Medium
4957,52,59,0,3,4,Increasing,High,Low,Low
4958,93,73,1,6,2,Stable,Medium,High,High
4959,72,33,2,5,1,Increasing,Low,High,Medium
4960,52,78,8,1,1,Stable,High,Low,Low
4961,59,72,4,1,1,Decreasing,High,Low,Low
4962,47,46,9,9,4,Decreasing,High,High,Low
4963,50,66,9,6,1,Decreasing,High,High,Medium
4964,86,99,1,8,1,Increasing,Low,Low,Medium
4965,52,25,9,10,4,Decreasing,High,High,High
4966,74,74,4,8,0,Decreasing,Medium,High,Medium
4967,73,63,4,6,1,Decreasing,Low,High,High
4968,76,37,0,10,1,Increasing,Medium,Low,Medium
4969,69,35,2,7,1,Stable,High,High,High
4970,80,31,4,9,2,Increasing,Medium,High,High
4971,71,39,8,2,4,Increasing,Medium,Low,High
4972,36,64,9,0,1,Decreasing,High,Low,Low
4973,79,83,0,6,2,Stable,Medium,High,Medium
4974,77,78,7,7,0,Decreasing,High,Low,Medium
4975,35,41,0,1,0,Decreasing,High,Low,High
4976,38,66,8,8,2,Increasing,High,Low,High
4977,86,48,5,3,0,Increasing,Medium,Low,Medium
4978,60,64,0,9,3,Increasing,High,High,High
4979,50,96,7,10,0,Decreasing,High,High,Low
4980,69,28,4,8,3,Stable,Low,High,High
4981,74,43,6,2,2,Stable,High,Low,High
4982,78,34,6,7,3,Decreasing,Low,High,Medium
4983,49,55,6,10,0,Stable,Medium,High,High
4984,46,32,5,1,1,Decreasing,Medium,Low,High
4985,57,63,10,2,3,Stable,High,Low,Low
4986,70,90,7,0,0,Decreasing,High,Low,Medium
4987,95,91,8,4,1,Stable,Medium,High,Low
4988,54,97,1,3,2,Increasing,High,High,High
4989,87,95,6,0,2,Increasing,Low,Low,Low
4990,70,55,1,9,4,Increasing,Medium,High,High
4991,35,80,5,8,2,Increasing,High,High,High
4992,67,59,1,5,4,Decreasing,High,High,High
4993,35,46,9,5,2,Stable,High,Low,High
4994,74,20,5,10,2,Decreasing,Low,High,Low
4995,43,53,1,1,2,Increasing,Low,Low,Medium
4996,95,87,0,6,4,Stable,Low,High,Low
4997,69,40,6,8,4,Decreasing,High,Low,High
4998,32,52,2,5,3,Increasing,Low,High,Medium
4999,53,26,3,10,0,Stable,High,High,Low
5000,48,84,5,7,0,Stable,High,High,Medium
